code,name,mv_mean,amount_mean,num_days,profit,主营产品名称,主营产品类型,公司简介
601012.SH,隆基股份,43398988.46,6452129.407,241,9085880513,单晶硅棒、单晶硅片、硅棒、硅片加工服务,半导体材料,公司是全球最大的单晶硅生产制造商。公司始终专注于单晶硅棒、硅片的研发、生产和销售，经过十多年的发展，目前已成为*全球最大的太阳能单晶硅光伏产品制造商。产业覆盖隆基单晶硅、隆基乐叶光伏、隆基新能源、隆基清洁能源光伏全产业链。自创立以来，始终秉承“可靠、增值、愉悦”的企业文化理念，持续为社会提供优秀的能源与服务，依托长期积累形成的规模化生产优势、全产业链优势、创新优势、品牌优势和人才优势，致力于领先的光伏发电技术和产业，促进光伏发电“平价时代”的早日到来，从而改变人类利用能源的方式，改变世界能源的格局，改变人类的生活方式，实现世界文明可持续发展。
601633.SH,长城汽车,28531534.42,1314991.232,241,6726093884,风骏皮卡、哈弗SUV、教练车、腾翼轿车,轿车、轻型卡车,公司是全球知名的SUV制造企业，秉承“每天进步一点点”的企业理念，拥有先进的企业文化和管理团队，创建了独具特色的经营和管理模式，经营质量在国内汽车行业首屈一指。公司多次入选“中国企业500强”、“中国机械500强”、“中国制造500强”，连续多年上榜“福布斯亚太最佳上市公司”、“福布斯2000强”、“《财富》中国500强”、“BrandZ最具价值中国品牌100强”等，并被评为中国机电进出口商会的“推荐出口品牌”，也是商务部、发改委授予的“国家汽车整车出口基地企业”，首家成为国际氢能委员会成员的中国汽车企业。近年来，长城汽车的技术实力得到了社会的广泛肯定，被国家发改委、科技部等五部委联合认定为“国家认定企业技术中心”、“博士后科研工作站设站单位”、“国家创新型企业”。
600104.SH,上汽集团,22981707.86,846878.6681,241,24533097944,上海大众Fabia、上海大众GOL轿车、上海大众Octavia明锐、上海大众POLO劲情、上海大众POLO劲取、上海大众PSN微型双排座货车、上海大众Superb、上海大众别克GL8系列轿车、上海大众波罗、上海大众大众变速器、上海大众都市清风客车、上海大众君威系列轿车、上海大众凯越轿车、上海大众名爵轿车、上海大众帕萨特领驭、上海大众荣威轿车、上海大众赛宝多功能轻型客车、上海大众赛欧SRV轿车、上海大众赛欧轿车、上海大众桑塔纳3000型“超越者”、上海大众桑塔纳轿车、上海大众上海汇众、上海大众上汽PLN微型货车、上海大众上汽SPARK客车、上海大众上汽通用五菱6360客车、上海大众申沃、上海大众申沃城市客车、上海大众通用五菱、上海大众途安Touran、上海大众五菱变速器、上海大众五菱之光客车、上海大众幸福摩托、上海大众重庆红岩、上海汇众轿车底盘,传动设备、行驶底盘设备、轿车、客车、摩托车、轻型卡车、重型卡车与专用车,公司属于汽车制造行业，目前正努力把握产业发展趋势，加快创新转型，从传统的制造型企业，向为消费者提供移动出行服务与产品的综合供应商发展。公司主要业务包括整车(含乘用车、商用车)的研发、生产和销售，正积极推进新能源汽车、互联网汽车的商业化，并开展智能驾驶等技术研究和产业化探索；零部件(含动力驱动系统、底盘系统、内外饰系统，以及电池、电驱、电力电子等新能源汽车核心零部件和智能产品系统)的研发、生产、销售；物流、汽车电商、出行服务、节能和充电服务等汽车服务贸易业务；汽车相关金融、保险和投资业务；海外经营和国际商贸业务；并在产业大数据和人工智能领域积极布局。
600438.SH,通威股份,20043656.95,3392122.741,241,8207920822,通威禽饲料、通威肉鸭、通威肉鸭养殖、通威兽药、通威水产饲料、通威特种饲料、通威永祥PVC、通威永祥三氯氢硅、通威鱼、通威渔药、通威猪饲料、永祥多晶硅、永祥烧碱,半导体太阳能光伏、高分子聚合物、禽畜养殖、肉制品、兽药、水产品、饲料、无机化工原料、有机化工原料,公司以饲料工业为主，同时涉足水产研究、水产养殖、动物保健、食品加工等相关领域的大型农业科技型上市公司，系农业产业化国家重点龙头企业。公司发展农业和新能源两大主业，其中农业主业以饲料工业为核心，全力延伸和完善水产及畜禽产业链条。同时，在新能源主业方面，公司已成为拥有从上游高纯晶硅生产、中游高效太阳能电池片生产、到终端光伏电站建设的垂直一体化光伏企业，已形成拥有自主知识产权的完整光伏新能源产业链条，并成为中国乃至全球光伏新能源产业发展的核心参与者和主要推动力量。近年来，并先后获得“中国驰名商标”、“中国名牌”等多项殊荣。
600905.SH,三峡能源,18795811.94,3746346.356,213,5642366893,光伏发电、海上风电、陆上风电,变电设备、风电,公司围绕“风光三峡”和“海上风电引领者”的战略目标，坚持规模和效益并重，实施差异化竞争和成本领先战略，努力打造产业结构合理、资产质量优良、经济效益显著、管理水平先进的世界一流新能源公司。公司业务分布范围广，布局合理，集中连片规模化开发海上风电格局基本形成。公司紧紧围绕“风光三峡”和“海上风电引领者”战略，截至2019年12月31日，三峡新能源陆上风电项目遍及内蒙古、新疆、云南等22个省区；海上风电项目全力推进广东、福建、江苏、辽宁、山东等地前期工作，不断巩固海上风电集中连片规模化开发优势；光伏项目遍及甘肃、青海、河北等18个省区。
300274.SZ,阳光电源,18414479.89,3594268.655,241,1582707375,风能变流器、光伏逆变器,变电设备,公司是一家专注于太阳能、风能等可再生能源电源产品研发、生产、销售和服务的国家重点高新技术企业。公司是中国目前较大的光伏逆变器制造商、国内领先的风能变流器企业，拥有完全自主知识产权。主要产品有光伏逆变器、风能变流器、储能系统、电动车电机控制器，并致力于提供全球一流的光伏电站解决方案。公司先后承担多项国家重大科技计划项目，主持起草了多项国家标准，并取得了多项重要成果和专利。产品先后成功应用于上海世博会、北京奥运鸟巢、京沪高铁上海虹桥站、国家送电到乡工程、南疆铁路、青藏铁路等众多重大光伏和风力发电项目。公司先后荣获“国家重点新产品”、国家发改委“技术进步优秀项目奖”、“中国新能源企业30强”、“中国驰名商标”、“安徽著名商标”、全球新能源企业500强、国家级“守合同重信用”企业、安徽“最佳雇主”等荣誉，是国家级博士后科研工作站设站企业、国家高技术产业化示范基地、国家认定企业技术中心、《福布斯》“中国最具发展潜力企业”等。
600406.SH,国电南瑞,18172316.26,1039940.343,241,5642448312,国电南瑞AGC自动发电控制软件包、国电南瑞变电站自动化系统、国电南瑞电力市场、国电南瑞电网调度自动化、国电南瑞轨道交通自动化、国电南瑞能量管理系统、国电南瑞农电自动化、国电南瑞配网自动化、国电南瑞实时分布监控系统、国电南瑞市政及工业控制自动化,行业专用软件、继电保护及调度自动化,"公司作为专业从事电力自动化软硬件开发和系统集成服务的提供商，主要从事电网调度自动化、变电站自动化、火电厂及工业控制自动化系统的软硬件开发和系统集成服务。公司是国家火炬计划软件产业基地-南京软件园“骨干企业”、“江苏省首批软件企业”、“国家规划布局内重点软件企业”。公司建立了遍布全国的营销网络和精干的销售队伍，通过技术合作、共同开发等方式与重要客户构筑了以产品为纽带的合作关系，公司的自动化产品涉足电力、石化、市政、轨道交通等多个领域。2017年公司通过重大资产重组,拥有普瑞特高压、设计公司等100%股权，本公司将新增继电保护及柔性输电、电力信息通信等领域的业务，业务布局进一步完善，业务协同进一步加强，行业地位进一步巩固，整体价值得到有效提升。"
000792.SZ,盐湖股份,17178006.67,3828424.184,174,4478386640,盐桥氯化钾,钾肥,公司是青海省国有资产监督管理委员会管理的省属大型上市国有企业，主要从事化学原料及化学制品制造。公司坚持“以钾为主、综合利用、循环经济”的发展思想，从单一的钾肥向化肥产业、无机到有机、化工到精细化工、石油化工、天然气化工、煤炭化工等多重跨越，公司产品由单一氯化钾发展到氢氧化钾、碳酸钾、硝酸钾、氢氧化钠、碳酸钠、金属镁、氧化镁、氢氧化镁、碳酸锂、PVC、甲醇、尿素、聚丙烯、焦炭、水泥、编织袋等多种产品，涉及工业、农业、航天航空、建材、医药等领域。
002129.SZ,中环股份,13237387.03,2349741.219,241,4029617597,中环6芯片、中环单晶硅棒、中环单晶硅片、中环高压硅堆、中环硅桥式整流器、中环硅整流二极管、中环区熔单晶、中环区熔硅片、中环特种高压硅堆、中环肖特基二极管、中环直拉单晶、中环直拉硅片,半导体材料、半导体分立器件、电子元器件,公司是天津中环电子信息集团有限公司控股的公众公司。公司致力于半导体节能产业和新能源产业，是一家集科研、生产、经营、创投于一体的国有控股高新技术企业。公司围绕“绿色低碳、可持续发展”，致力于半导体节能和新能源两大产业，制造管理上推行自动化、产品创新上实现差异化，在自身快速发展的前提下推动行业的整体发展，实现回报股东、奉献社会。公司产品广泛应用于智能电网传输、新能源汽车、高铁、风能发电逆变器、集成电路、消费类电子、航天航空、光伏发电等多个领域。2018年公司收购国电光伏90%股权，有利于充分发挥公司主营业务综合优势，增强上市公司持续经营能力。
601985.SH,中国核电,11573142.99,1037136.719,241,8038084942,核电对外技术服务、核能电力生产及销售,核电,公司由中国核工业集团有限公司作为控股股东，联合中国长江三峡集团有限公司、中国远洋海运集团有限公司和航天投资控股有限公司共同出资设立的。公司经营范围涵盖核电项目的开发、投资、建设、运营与管理；清洁能源项目的投资、开发；输配电项目投资、投资管理；核电运行安全技术研究及相关技术服务与咨询业务；售电等领域。秦山核电30万千瓦核电机组是中国第一座依靠自己力量研究、设计、建造和管理的核电站。曾被国家领导人邹家华题词为“国之光荣”；吴邦国题词为“中国核电从这里起步”。公司曾荣获中央企业先进集体和中国证券“金紫荆”最佳上市公司、全国电力行业企业文化建设示范单位等称号。
002459.SZ,晶澳科技,11265760.56,1215984.771,241,2038628714,硅片、太阳能电池片、太阳能电池组件、太阳能光伏电站,半导体材料、半导体太阳能光伏、电子元器件,公司是实施产业链一体化战略的全球知名的高性能光伏产品制造商，产业链覆盖硅片、电池、组件及光伏电站。晶澳在全球拥有12个生产基地、20多个分支机构，产品足迹遍布100多个国家和地区，广泛应用于地面光伏电站以及工商业、住宅分布式光伏系统，凭借持续的技术创新、稳健的财务优势和发达的全球销售与服务网络，以及太阳能光伏电站的开发、建设、运营等，是工业与信息化部公布的第一批符合《光伏制造行业规范条件》的企业。
003816.SZ,中国广核,11163464.91,339734.9561,241,9732589251,大亚湾核电站、防城港核电站、红沿河核电站、岭澳核电站、岭东核电站、宁德核电站、台山核电站、阳江核电站,火电,"公司是我国在运装机规模最大的核电开发商与运营商,是中国核电行业最大的参与者,是控股股东中国广核集团核能发电业务最终整合的唯一平台,主要产品是电力,公司管理的在运、在建核电装机容量份额为国内市场第一。公司积极参与国家标准和行业标准的建设工作，现已建立了较为完善的科技研发体系并积极融入国家科技创新体系。公司的子公司工程公司推动建设了国家级科研平台国家能源核电工程建设技术研发(实验)中心；打造全产业链“政产学研用”协同创新平台，推进核电装备自主化与技术升级。已成功获批多项国家级科研项目，包括国家能源核电工程建设技术研发中心、核电工程建设示范专项、大型先进压水堆重大专项等课题,公司力争成为引领核能动力新技术开发和应用拓展的领跑者，保持在中国国内核能发电的领先地位，并努力成为国际核电市场有较强竞争力的核电供应商和专业化的运营服务商。"
688599.SH,天合光能,11128859.07,1129777.302,241,1804231712,电多多系列、多应用场景下的大型光伏电站系统产品――天合智能优配、多应用场景下的商用光伏系统、高功率基准组件系列、高可靠双玻组件系列、高性能双面组件系列、光伏电站工程建设管理、光伏电站销售业务、光伏发电及运维、美好芯系列、美学组件系列、能源云平台业务、阳光棚、智能微网及多能系统,光学设备,天合光能是行业领先的光伏智慧能源整体解决方案提供商，业务布局包括光伏产品、光伏系统及智慧能源三大板块。公司以光伏科学与技术国家重点实验室和新能源物联网产业创新中心等平台为依托，在核心技术及研发上具有领先优势。光伏组件是公司的主要产品，组件产品的客户主要为国内外光伏电站开发商和承包商以及分布式光伏系统的经销商。公司较早从事光伏产品的研发和生产业务，建立了强大的研发团队，积累了一批具有自主知识产权的核心技术，拥有光伏科学与技术国家重点实验室及国家企业技术中心等创新平台，长期保持行业领先的技术优势。在组件功率及电池片转换效率上18次突破世界记录。公司先后在瑞士苏黎世、美国加州圣何塞、新加坡、日本东京、墨西哥设立了区域总部，并在马德里、米兰、悉尼、北京、上海等地设立了办事处，产品覆盖全球100多个国家和地区。
603806.SH,福斯特,10892129.86,869686.1682,241,2196549311,福斯特EVA胶膜、福斯特背板、福斯特热熔网膜,其他化学品,公司是一家专业从事光伏封装材料研发与生产的省级高新技术企业。主营业务为EVA太阳能电池胶膜、共聚酰胺丝网状热熔胶膜、太阳能电池背板产品的研发、生产和销售，为光伏组件厂商提供一流的产品和超值的服务，与众多全球著名的光伏企业建立了深层次的供应合作关系。公司是国家火炬计划重点高新技术企业、“杭州市大企业集团”。公司是中国EVA太阳能电池胶膜领域的龙头企业，独立开发的热熔网膜及太阳能电池背板产品均在市场中占有优势地位。公司产品相继被列入国家火炬计划、国家重点新产品计划，并被评为“浙江省优秀工业新产品、新技术”一等奖。公司愿景是成为一家拥有品牌优势、可持续创新和发展的全球化、技术型的优秀企业。
601238.SH,广汽集团,10453073.84,668635.0455,241,7334915288,HVAC系统、城市公交客车、发动机、广汽丰田CAMRY凯美瑞、广汽丰田YARIS雅力士、广州本田奥德赛、广州本田飞度、广州本田思迪、广州本田雅阁、减震器、金星系列轻型货车、骏铃系列轻型货车、银星系列轻型货车、转向器、座椅,车身及外观设备、发动机设备、行驶底盘设备、轿车、客车、轻型卡车、专用设备与零部件、转向设备,公司是由广州汽车工业集团有限公司、万向集团公司、中国机械工业集团公司、广州钢铁企业集团有限公司、广州市长隆酒店有限公司作为共同发起人，以发起方式设立的大型国有控股股份制企业集团。主要业务包括乘用车、商用车、摩托车、汽车零部件的研发、制造、销售及售后服务，以及汽车相关产品进出口贸易，汽车租赁、二手车、物流、拆解、资源再生，汽车信贷、融资租赁、商业保理、保险和保险经纪，股权投资等。经过多年的资源整合及产业重组，公司已经形成了立足华南，辐射华北、华中、华东和环渤海地区的产业布局和以整车制造为中心，覆盖上游汽车与零部件的研发和下游的汽车服务与金融投资的产业链闭环，是国内产业链最为完整、产业布局最为优化的汽车集团。通过引进、消化、吸收和再创新，积累了国际先进的制造和管理技术，形成了世界级水平的生产体系；整合全球优势资源，形成跨平台、模块化架构的正向开发体系，具备集成创新优势。
000625.SZ,长安汽车,10372251.09,2612765.768,241,3552463320,SC6360长安星韵客车、快乐王子轿车、羚羊OK款轿车、长安CM8都市多功能车、长安SC6372系列客车、长安城市彩虹货车、长安都市彩虹客车、长安福特嘉年华轿车、长安公安车、长安救护车、长安镭蒙客车、长安绿色新星客车、长安蒙迪欧2.5 V6旗舰轿车、长安双排微型货车、长安系列货车、长安雪虎客车、长安一排半微型货车、长安邮政车、长安运动系列客车,轿车、客车、轻型卡车、专用车,公司是中国汽车四大集团阵营企业、中国品牌领先汽车企业，两度入选央视“国家品牌计划”，成为中国品牌汽车行业领跑者。公司的主要业务涵盖整车研发、制造和销售以及发动机的研发、生产，并整合优势资源积极发展出行服务、新零售、金融投资等领域，进行多维度的产业布局。公司始终坚持以“引领汽车文明造福人类生活”为使命，秉承“节能环保、科技智能”的理念，大力发展新能源和智能汽车，致力于用科技创新引领汽车文明，努力为客户提供高品质的产品和服务。经过多年发展，现已形成轿车、SUV、MPV、交叉型乘用车、客车、货车等多档次、宽系列、多品种的产品谱系，覆盖传统燃油和新能源车型，拥有排量从1.0L到2.0L的发动机平台。公司旗下拥有长安乘用车、欧尚汽车、凯程汽车、长安福特、长安马自达、长安铃木、长安PSA等众多知名品牌。
601877.SH,正泰电器,9611764.536,1194118.432,241,3400637981,电机驱动、电力电子、电源电器、断路器、焊接设备、继电器、接触器、开关电器,低压电器类、专用设备与零部件,公司是低压电器市场的龙头企业，主要从事配电电器、终端电器、控制电器、电源电器、电子电器五大类低压电器产品的研发、生产和销售。公司历经由小及大的发展，建立了经验丰富的管理、研发、生产及营销团队，使“CHNT”、“正泰”成为了中国著名的低压电器品牌。2016年，公司经过重大资产重组注入光伏发电业务及资产，主营业务将由现有的低压电器及相关产品的研发、生产和销售扩展至光伏电站的开发、建设、运营、EPC工程总包及太阳能电池组件的制造及销售业务。公司被授予“全国产品和服务质量诚信示范企业”、“浙江省信用管理示范企业”、“温州市自营生产出口龙头企业”、“温州市外经工作先进单位”等荣誉称号。正泰新能源荣获全国分布式光伏应用创新金奖“最佳分布式光伏投资商金奖”，10.3MWp(兆瓦)分布式光伏电站项目获得“最佳分布式光伏EPC金奖”。
601127.SH,小康股份,7948315.382,1493665.691,241,-1823911349,汽车发动机、汽车零部件、汽车整车,汽车及零配件经销,公司是一家以发动机和新能源汽车为核心业务、汽车整车为主营业务的实体制造企业，现已形成集汽车整车、发动机、汽车零部件的自主研发、制造、销售及服务于一体的完整产业链。业务还涉及汽车租赁和互联网消费金融。公司及其子公司的主营产品包括超级都市SUV、紧凑型MPV、纯电动微型商用车等整车以及1.0-1.8升、1.5T缸内直喷涡轮增压等节能环保高性能发动机。公司入围中国企业500强，并先后荣获中国驰名商标、全国守合同重信用企业、全国就业先进企业、国家知识产权示范企业等荣誉。
300316.SZ,晶盛机电,7760726.969,861510.7226,241,1711717146,单晶硅生长炉控制系统、多晶硅铸锭炉、全自动单晶硅生长炉,锅炉及附属设备,公司是一家以“发展绿色智能高科技制造产业”为使命的高端半导体装备和LED衬底材料制造的高新技术企业。公司主营产品为全自动单晶生长炉、多晶硅铸锭炉、区熔硅单晶炉、单晶硅滚圆机、单晶硅截断机、全自动硅片抛光机、双面研磨机、单晶硅棒切磨复合加工一体机、多晶硅块研磨一体机、叠片机、蓝宝石晶锭、蓝宝石晶片、LED灯具自动化生产线等。公司产品主要应用于太阳能光伏、集成电路、LED、工业4.0等具有较好市场前景的新兴产业。公司拥有多家子公司和研发中心，其中一个海外研发中心，拥有工业4.0方向的省级重点研究院、省级晶体装备研究院等研究平台、博士后工作站。
601865.SH,福莱特,7534738.535,741944.72,241,2119919326,EPC光伏电站工程建设、玻璃用石英矿、浮法玻璃、工程玻璃、光伏玻璃、家居玻璃,玻璃、系统集成服务,公司是中国最大的光伏玻璃原片制造商之一，主要从事设计、开发、生产及销售售往中国及海外光伏组件生产商的光伏玻璃。公司的光伏玻璃产品通常为光伏深加工玻璃，尤其是超白光伏压花玻璃，其主要用于生产晶体硅光伏电池，而晶体硅光伏电池随后可安装组成晶体硅光伏组件。公司的光伏玻璃亦可用作薄膜光伏电池的盖板。公司主要向国内外光伏组件生产商出售公司的光伏玻璃产品。尽管公司的大部分收益来自光伏玻璃，但公司亦生产及出售浮法玻璃、家居玻璃及工程玻璃，而此等玻璃连同光伏玻璃构成公司的四大玻璃产品。
600089.SH,特变电工,7191565.548,2453578.459,241,7254795959,塔吉克斯坦500kV输变电线路工程项目、泰山电缆、特变电工电高纯铝棒、特变电工电工圆铝杆、特变电工空气消毒机、特变电工铝锭、特变电工水处理消毒机、特变电工太阳能电池用单晶硅片、特变电工太阳能电站、特变电工太阳能光伏组、新特低压开关柜、新特电抗器、新特干式变压器、新特互感器、新特特种变压器、新特油浸式电力变压器、新特组合式变电站,半导体太阳能光伏、变电设备、低压电器类、电解铝、电气仪器仪表、发电机及附属设备、工业建筑、铝加工材、清洁器具、输电设备,公司是中国变压器行业首家上市公司，中国重大装备制造业的核心骨干企业，国家级企业技术中心和博士后科研工作站，是中国重大装备制造业首家获得“中国驰名商标”和“中国名牌产品”的企业集团。同时，也是中国重要的变压器、电线电缆、高压电子铝箔新材料、太阳能系统工程实施及太阳能核心控制部件的研发、制造和出口企业。公司始终专注于“输变电、新能源、新材料”三大产业的开拓与协同发展，公司是国内少有的具有自主知识产权的变压器制造企业，特别是超高压和直流变压器的核心技术已经达到了国际水平。在新能源产业方面，公司拥有多项自主知识产权技术，成功开发出大功率太阳能光伏电站系统、太阳能电池组件、太阳能级硅片等核心技术产品。
300207.SZ,欣旺达,5944321.186,1583881.277,241,915654084.2,薄膜开关、笔记本类锂离子电池模组、储能电站电池、电动工具电池、电动汽车电池、电动自行车电池、电源管理系统、动力类锂离子电池模组、工业移动照明电池、手机数码类锂离子电池模组、医疗设备电池,低压电器类,公司是国内锂能源领域设计能力最强、配套能力最完善、产品系列最多的锂离子电池模组制造商之一。历经二十余年，公司发展成为全球锂离子电池领域的领军企业，形成了动力电池及动力总成、储能系统与能源互联网、3c消费类电池、智能硬件、自动化与智能制造、第三方检测六大产业群，致力于提供绿色、快速、高效的新能源一体化解决方案服务。公司主要从事锂离子电池模组研发制造业务，主要产品为锂离子电池模组，属于新能源领域。锂离子电池产业作为新能源领域的重要组成部分，广泛应用于手机、笔记本电脑、电动汽车动力总成、可穿戴设备、储能、能源互联网、动力工具、电动自行车等领域。公司产品还涵盖锂离子电芯、电源管理系统、精密结构件、智能制造类(含自动化设备)等多个领域。公司在锂离子电池模组领域，通过自主研发，拥有多项自主原始创新和集成创新的核心技术。通过多年努力，公司先后获评“世界能源500强”、“中国电子信息企业百强”、“中国电池百强企业”、“中国民营制造业500强”等荣誉。
300751.SZ,迈为股份,5884955.771,783777.1261,241,642802185.9,红外线干燥炉、检测机、全自动太阳能电池丝网印刷机、烧结炉、太阳模拟器、太阳能电池丝网印刷生产线成套设备（整线）、自动翻片机、自动分选机、自动缓存机、自动冷却机、自动上片机,专用设备与零部件,公司是一家集机械设计、电气研制、软件算法开发、精密制造装备于一体的高端智能装备制造商，涉足太阳能电池生产设备，是光伏行业全球领先的设备供应商及服务提供商。公司主营生产太阳能电池丝网印刷生产线成套设备。经过多年的技术积累与市场验证，公司在国内太阳能电池丝网印刷设备领域已处于领先地位，与众多集团等建立了长期合作关系，打破了丝网印刷设备领域进口垄断的格局。
601727.SH,上海电气,5797755.396,297072.6171,241,-9987908000,大型船用曲轴、电动机、电梯、电站辅机、电站锅炉、电站汽轮机、电站脱硫脱硝系统、断路器、风电设备、轨道车辆及关键部件、轨道交通机电设备集成工程、轨道交通站台屏蔽门系统、轨道交通综合监控系统、核电核岛设备、环保工程及污水固废处理系统、继电保护、接触器、金属切削机床、起重运输机械、汽轮发电机、太阳能电池及组件、印刷包装设备、重型机械设备,半导体太阳能光伏、包装机械、船舶(配件)及其维修、低压电器类、动力机械、发电机及附属设备、工控机械、锅炉及附属设备、环保机械、继电保护及调度自动化、监控器材及系统、汽(水、燃气)轮机及附属设备、轻型工程机械、烟气脱硫系统、重型建筑工程机械、重型卡车与专用车、专用设备与零部件,公司是一家大型综合性装备制造集团，主导产业聚焦能源装备、工业装备、集成服务三大领域，致力于为客户提供绿色、环保、智能、互联于一体的技术集成和系统解决方案。产品包括火力发电机组(煤电、气电)、核电机组、风力发电设备、输配电设备、环保设备、自动化设备、电梯、轨道交通和机床等。改革开放以来，上海电气诞生了一大批世界领先的创新产品，如首套百万千瓦超超临界燃煤发电机组、三代四代核电核岛和常规岛主设备、大型海上风电设备、西气东输的高频电动机等。上海电气品牌在国际和国内多个榜单中名列前茅，荣获中国工业领域最高奖项―中国工业大奖。
603185.SH,上机数控,5409115.859,1142305.302,241,1711409281,全自动磨面倒角一体机、数控多晶硅金刚线截断机、数控硅块平面磨床、数控金刚线蓝宝石切片机、数控金刚线切片机、数控蓝宝石多、单线开方机、数控蓝宝石磨床,机床机械,公司是国内首家为开发太阳能硅片配套的专用数控磨床、专用倒角机和切断锯床的企业。主营业务为各类精密数控机床、通用机床的研发、设计、制造、销售和服务。公司主要产品有缝纫机曲轴磨床、轧辊磨床、光伏专用平面磨床、数控金刚石带锯床、数控轧辊磨床等产品，并承接各种类型的非标专用磨床、大型、重型磨床的设计和制造。公司通过了ISO9001：2000质量管理体系认证，ISO14001：2004环境管理体系认证，产品被评为“江苏省高新技术产品、，江苏省名牌产品”。工厂被评为无锡市重合同守信用企业、无锡市高新技术企业、江苏省民营科技企业、国家级高新技术企业。
300763.SZ,锦浪科技,5320183.189,848585.6021,241,473833499.7,锦浪科技分布式风力发电机组、锦浪科技风光混合型逆变器、锦浪科技风力并网逆变器、锦浪科技光伏并网逆变器,变电设备、发电机及附属设备,公司主要从事光伏并网逆变器、风力并网逆变器及分布式风力发电机组的研发、生产、销售和服务。公司作为知名的并网逆变器供应商，自成立以来，就注重自主研发，生产的产品具有质量高、性能好等优异的特点，随着技术的积累和研发实力的提升，公司在光伏逆变器、风力逆变器、风光混合逆变器、储能并网一体式混合逆变器等多个领域居于行业的前列，公司拥有多项核心技术，并注重知识产权保护，在行业内拥有较高的的技术影响力和一定的市场地位。众多优秀技术人才。公司研发团队被评为浙江省重点创新团队，建有企业院士工作站。截至2018年3月30日，公司已取得专利证书的专利51项，并获得了多项荣誉与奖项。公司自成立初即坚持全球化布局，凭借优异的产品性能和可靠的产品质量，公司在亚洲、欧洲、美洲及澳洲等多个国家和地区积累了众多优质客户，与公司形成了长期稳定的合作关系，除国内市场外，公司产品销往美国、英国、荷兰、澳大利亚、墨西哥、印度等全球多个国家和地区，赢得了客户的高度认可。
002202.SZ,金风科技,5079068.598,1542072.948,241,3456951818,金风科技1.2MW风力发电机组、金风科技1.5MW风力发电机组、金风科技600kW风力发电机组、金风科技750kW风力发电机组,发电机及附属设备,"公司成立于1998年，致力于成为国际化的清洁能源和节能环保整体解决方案提供商，多次入选“全球最具创新能力企业50强”，荣登2016年度“全球挑战者”百强榜，被《知识产权资产管理IAM》组织授予“中国知识产权倡导者”殊荣。公司目前专注于风电系统解决方案、可再生能源、新业务投资孵化。公司在全球范围拥有7大研发中心，与7所全球顶级院校合作，拥有强大的自主研发能力，承担国家重点科研项目近30项，掌握专利技术超过2,800项，获得超过33种机型的设计与型式认证。"
601689.SH,拓普集团,5059934.802,688041.1918,241,1017253692,汽车隔音产品、汽车橡胶减震产品,专用设备与零部件,公司主要从事汽车NVH(即减震降噪及舒适性控制)领域橡胶减震产品和隔音产品的研发、生产与销售，致力于消除来自于汽车动力总成、路面及空气的振动与噪声，提升整车的舒适性及平顺性。公司在汽车NVH领域的技术及研发水平位居国内前列，是国内为数不多的具备整车同步研发能力的NVH零部件供应商之一，也是国内较早进入全球整车配套零部件采购体系的自主品牌汽车零部件生产企业。近年来，公司凭借一流的研发能力、生产工艺及制造水平已逐步获得国际汽车界的认可，先后进入通用汽车、克莱斯勒、奥迪、宝马等知名汽车制造商的全球研发体系及零部件采购体系，逐渐成长为面向国际、国内两个市场，专业化和规模化的汽车NVH零部件系统集成供应商。公司的同步研发及系统集成能力符合世界知名整车制造商全球采购的技术指标，具有较强的国际竞争力。研发中心被认定为“宁波市企业工程(技术)中心”，“省级高新技术企业研究开发中心”，研发中心下设的“产品测试中心”符合ISO/IEC17025实验室检测能力标准，成为“国家级测试中心”。
002080.SZ,中材科技,4905203.978,874506.2096,241,3373402277,中材AGM隔板、中材MW级风机叶片、中材TXZ型陶瓷纤维纸、中材摆锤法岩棉生产技术及设备、中材玻璃微纤维纸、中材玻纤覆膜滤料、中材玻纤空气过滤纸、中材玻纤生产线设计与安装、中材玻纤湿法薄毡生产技术及设备、中材玻纤装备、中材池窑拉丝技术装备、中材低介电玻璃纤维、中材高硅氧玻璃纤维、中材高模量玻璃纤维、中材高强度玻璃纤维、中材空气净化过滤毡、中材离心喷吹法生产技术及设备、中材平面仿形织物、中材自动换筒拉丝机,玻璃纤维、风泵机械、工业建筑、轻型工程机械、人造板、人造纤维,公司是我国特种纤维复合材料的技术发源地，拥有完整的非金属矿物材料、玻璃纤维、纤维复合材料技术产业链，是我国特种纤维复合材料领域集研发、设计、产品制造与销售、技术装备集成于一体的国家级高新技术企业。业务产品紧扣新能源、航空航天、节能减排、国防军工等应用领域。承继了原南京玻璃纤维研究设计院、北京玻璃钢研究设计院和苏州非金属矿工业设计研究院三个国家级科研院所多年的核心技术资源和人才优势。公司是国家首批创新型企业、国家首批技术创新示范企业、国家高新技术企业，拥有国家重点实验室、国家级企业技术中心、国家级工程技术研究中心、博士后工作站，形成了稳定高效的高层次研发平台，拥有一支国内优秀的新材料研发人才队伍。
000800.SZ,一汽解放,4803338.137,148908.5302,241,3899854760,奥迪轿车、宝来轿车、高尔夫轿车、红旗轿车、花冠轿车、华西客车、佳宝客车、佳星・幸福使者轿车、捷达轿车、解放奥威重卡、解放中重卡、骏雅轿车、柯斯达客车、马自达轿车、普力马轿车、绅雅轿车、太湖客车、威驰轿车、威乐轿车、威姿轿车、小解放三吨王卡车、雅酷轿车、远征客车,轿车、客车、轻型卡车、重型卡车与专用车,公司自上市以来，始终致力于打造高品质乘用车产品以满足用户需求。公司主营业务为开发、制造和销售乘用车及其配件。公司现有一汽奔腾、Mazda等乘用车产品系列，随着后续车型的有序投放，企业产品的竞争力将会得到进一步提升。通过20余年的发展和积累，已具备了比较完整的汽车研发、制造、供应和营销体系，核心竞争力日益凸显。公司未来产品将通过红旗品牌、中国一汽品牌及合作品牌，满足高、中、低端各级别乘用车用户需求，依托中国一汽“品质、技术、创新”的品牌理念，塑造“品质、安全、科技”的伞品牌形象，努力将“一汽”品牌打造成为国民车第一品牌、将红旗品牌打造成为世界知名品牌。
601615.SH,明阳智能,4593777.846,1422929.183,241,3101123792,1.5MW系列双馈式风力发电机组、2.0MW系列双馈式风力发电机组、3.0MW及以上系列半直驱混合驱动风力发电机组、风场微观选址、风电机组安装技术调试、风电机组安装技术运维服务、风电机组安装技术指导、风电机组安装技术智能运营、风资源测评开发,发电机及附属设备、专业咨询服务,公司是全球顶级的风机制造商和清洁能源整体解决方案提供商，致力于能源的绿色、普惠和智慧化，业务涵盖风能、太阳能产业，已发展成为国内领先、全球具有重要影响力的智慧能源企业集团。公司主营业务包括新能源高端装备、兆瓦级风机及核心部件的开发设计、产品制造、运维服务、新能源投资运营。集团在全球布局了“一总部、五中心”的研发创新平台，建有博士后科研工作站、国家级企业技术中心、国家地方联合工程实验室。公司建立了国内“五大”(华能、中国大唐、国电、华电和国电投)电力公司以及民营电力集团为主导的稳固市场客户群，投运遍布全国200多个风力发电场项目，产品远销至保加利亚、印度、罗马尼亚、巴基斯坦、南非等全球各地。
002008.SZ,大族激光,4422778.703,946953.6013,241,1994492610,大族激光打标机、大族激光雕刻机、大族激光焊接机、大族激光激光制版及印刷设备、大族激光切割机、大族激光钻孔机、大族油墨喷码机,电子设备及加工,公司是中国激光装备行业的领军企业，也是世界知名的激光加工设备生产厂商，主要从事激光加工设备的研发、生产和销售。公司承担建设的主要科研项目被国家科技部火炬高新技术产业中心认定为“国家级火炬计划项目”。公司通过不断自主研发把“实验室装置”变成可以连续24小时稳定工作的激光技术装备，是世界上仅有的几家拥有“紫外激光专利”的公司之一。在强大的资本和技术平台支持下，公司实现了从小功率到大型高功率激光技术装备研发、生产的跨越发展，为国内外客户提供一整套激光加工解决方案及相关配套设施。公司还被评为深圳市高新技术企业，深圳市重点软件企业，广东省装备制造业重点企业，国家级创新型试点企业，国家科技成果推广示范基地重点推广示范企业，国家规划布局内重点软件企业，主要科研项目被认定为国家级火炬计划项目。
600875.SH,东方电气,4258502.17,810576.3687,241,2289036817,"300MW循环流化床锅炉、600MW超临界“W”火焰锅炉、东方电机""W""形火焰燃低挥发份无烟煤锅炉、东方电机600MW超临界锅炉、东方电机600MW超临界循环流化床锅炉、东方电机超高压自然循环中间再热锅炉、东方电机超临界本生直流机组锅炉、东方电机电站辅机设备、东方电机风电发电机组、东方电机火电发电机组、东方电机交直流电机、东方电机汽轮发电机组、东方电机水电发电机组、东方电机水轮发电机组、东方电机循环流化床锅炉、东方电机亚临界自然循环或控制循环中间再热锅炉、东方电机亚临界自然循环前后墙对冲燃东锅烧中间再热锅炉",发电机及附属设备、锅炉及附属设备,公司是中国东方电气集团有限公司控股特大型企业。东方电气秉承“求实、创新、人和、图强”的企业精神，历经半个多世纪的磨砺，已成为全球最大的发电设备供应商和电站工程总承包商之一。目前，东方电气的产品已经逐渐扩展到美国、加拿大、印度、巴基斯坦、越南、印度尼西亚、沙特、波黑、瑞典、巴西等60多个国家和地区。东方电气作为国家重大技术装备国产化基地、国家级企业技术中心，拥有中国发电设备制造行业中一流的综合技术开发能力。通过自主开发、产学研合作，形成了一批拥有自主知识产权的重大技术装备产品，具备了大型水电、火电、核电、风电、燃机及太阳能发电设备的开发、设计、制造、销售、设备供应及电站工程总承包能力。
688819.SH,天能股份,4112108.042,192224.7896,241,1369365755,3C电池、备用电池、储能电池、电动二轮车电池、电动汽车电池、电动三轮车电池、电动特种车电池、起动启停电池、微型电动汽车电池,电子元器件,公司是一家以电动轻型车绿色动力电池业务为主，集电动特种车绿色动力电池、新能源汽车动力电池、汽车起动启停电池、储能电池、3C电池、备用电池等多品类电池的研发、生产、销售为一体的国内绿色电池行业领先企业之一。公司坚持科技创新驱动绿色发展理念，形成了“铅蓄电池+锂电池”为主的绿色电池产品体系，2019年11月，在中法两国元首的见证下，公司与世界500强企业法国道达尔集团旗下帅福得(SAFT)签订合作协议，双方将整合各自在技术、生产、市场等领域的优势，聚焦于电动轻型车、电动汽车和储能解决方案领域，为中国和全球市场开发、制造和销售先进的绿色锂电产品，公司系国家高新技术企业、国家技术创新示范企业、国家知识产权优势企业、制造业单项冠军示范企业、工业产品绿色设计示范企业、浙江省第一批雄鹰计划培育企业；公司先后建有国家认定企业技术中心、全国示范院士专家工作站、国家级博士后科研工作站、轻工业联合会国家重点实验室、中国轻工业工业设计中心。
300724.SZ,捷佳伟创,3925024.924,865579.2198,241,717399875.4,捷佳伟创MOCVD 设备、捷佳伟创PECVD设备、捷佳伟创刻蚀设备、捷佳伟创扩散炉设备、捷佳伟创清洗设备、捷佳伟创制绒设备、捷佳伟创自动化设备,电子设备及加工,公司是一家高速发展的光伏设备及绿色能源产业专用设备制造商，2007年创立于深圳市宝安区，并于2010年与深圳市捷佳创精密设备有限公司成功实现业务整合，产品涵盖原生多晶硅料生产设备、硅片加工设备、晶体硅电池生产设备等;公司系国内领先的晶体硅太阳能电池生产设备制造商，主营PECVD设备、扩散炉、制绒设备、刻蚀设备、清洗设备、自动化配套设备等太阳能电池片生产工艺流程中的主要设备的研发、制造和销售。
600482.SH,中国动力,3819538.713,124660.5012,241,613048770.5,柴油机、海水电池、核电、锂离子电池、铅酸电池、铅碳电池、全电动力、燃料电池、燃气轮机、热气机、蒸汽轮机,低压电器类、动力机械,公司原是军用起动铅酸蓄电池的定点生产单位，多年来公司引进了多条蓄电池专用生产线和检测设备。公司是一汽大众、上海大众、上海通用、北京现代、东风汽车、长安汽车的常年合作方，是奥迪A6、帕萨特领驭、别克荣御等中高端车型的独家配套商，国内汽车起动电池市场占有率较高并连续多年跻身于“中国汽车零部件百强企业”、“中国机械工业百强企业”。2016年，公司收购多家公司股权和债权，业务范围涵盖燃气动力、蒸汽动力、化学动力、全电动力、民用核动力、柴油机动力、热气机动力等七大动力，成为多维度的高端动力装备研发、制造、系统集成、销售及服务的上市公司。
600499.SH,科达制造,3537872.461,1302313.601,241,1005757291,科达薄板、复合板磨机、科达玻璃双边直线磨边机、科达玻璃异形磨边机、科达玻璃直边磨边机、科达玻璃直线斜边磨边机、科达瓷质砖抛光后干燥器、科达粗磨机、科达大理石磨机、科达大理石排锯、科达单压带滚筒式磨边倒角线、科达电动辊棒台、科达防污打腊机、科达干法磨边机、科达刮平定厚机、科达花岗石磨机、科达花岗石砂锯、科达精细磨边机、科达快速干燥器、科达磨头、科达抛坯机、科达全自动液压压砖机、科达双压带滚筒磨边倒角线、科达陶瓷粗（精）抛光机、科达微晶玻璃抛光机、科达压轮式磨边倒角机、科达液压翻板车（吸盘式）、科达釉面墙地砖磨边后干燥器、科达釉面砖抛光机、科达圆盘定厚机,轻型工程机械,公司以建材机械、锂电材料为两大核心业务，清洁煤气化技术与装备、烟气治理技术与装备、液压泵、虎渡风机为四大种子业务。公司秉承“创新永无止境”的核心经营理念，坚持“以科技进步推动企业兴旺发达”、由“科”而“达”的创新发展道路，高度重视具有前瞻性及可持续性的技术、产品研发。公司设有“研发院”，拥有“国家认定企业技术中心”、“国家工程技术中心”、“博士后科研工作站”、“院士工作室”等多层次研发与合作平台，为公司产品研发积累了大量技术储备。公司曾获中国机械500强、国家级高新技术企业、国家知识产权优势企业、广东省政府质量奖等殊荣。
002326.SZ,永太科技,3414513.058,2050037.074,241,280285674.1,"2,3,4-三氟苯胺、2,3,4-三氟硝基苯、2,3-二氟苯胺、2,4-二氟苯胺、2,4-二氟硝基苯、2,5-二氟苯胺、2,5-二氟硝基苯、3,4,5-三氟苯胺、3,4,5-三氟硝基苯、3,4-二氟苯胺、3,4-二氟硝基苯、3,5-二氟苯胺、3,5-二氟硝基苯、对氟苯胺、对氟硝基苯、对氟溴苯、二氟溴苯、间氟溴苯、邻氟苯胺、邻氟硝基苯",其他化学品,公司是国内产品链最完善、产能最大的氟精细化学品生产商之一，从事的氟精细化学品行业位于氟化工产业链的顶端，产品附加值高，应用范围广泛，涉及液晶材料、医药、农药、染料等，是国家重点支持和发展的行业。公司是国家第一批“高新技术企业”，“浙江省专利示范企业”，设有“国家级企业技术中心”、“博士后工作站”。
688567.SH,孚能科技,3410402.815,301812.6552,241,-952720292.4,电池包、电芯、模组,专用设备与零部件,"公司是全球动力电池技术发展的引领者，是新能源汽车动力电池系统整体技术方案的提供商，也是高性能动力电池系统的生产商，一直专注于新能源车用锂离子动力电池及整车电池系统的研发、生产和销售，并为新能源汽车整车企业提供动力电池整体解决方案，目前已成为全球三元软包动力电池的领军企业之一,公司研发团队长期与全球锂离子动力电池行业科研院所、知名企业、顶尖专家展开战略合作，合作单位包括美国阿贡国家实验室、美国伯克利劳伦斯国家实验室、巴斯夫、杜邦、3M公司等，合作专家包括全球最具影响力的锂离子动力电池行业顶尖专家Michael M.Thackeray、Jeff Dahn等。通过整合全球锂离子动力电池领域的创新资源，公司的技术能力始终保持国际领先水平。公司其他客户包括广汽、长城、吉利、一汽、江铃、长安等国内知名整车企业，同时正在拓展大众、奥迪、保时捷、通用、雷诺、日产、本田、奇瑞、东风等国内外一线整车企业客户。"
601168.SH,西部矿业,3372043.88,1002533.695,241,2932499835,西部矿业电解铝、西部矿业电解铅、西部矿业电解铜、西部矿业电解锌、西部矿业锰片、西部矿业铅精矿、西部矿业铁精粉、西部矿业铜精矿、西部矿业锌精矿,电解铝、黑色金属矿产、铅、铜、锌、有色金属矿产、重有色金属,西部矿业集团有限公司成立于2000年，总部位于青海省西宁市，前身为锡铁山矿务局。2007年公司旗下西部矿业股份有限公司在上海证券交易所挂牌上市。经过多年发展，公司由单一的铅锌资源开发企业拓展成为集矿山冶炼、盐湖化工、文化旅游、建筑地产、金融贸易、科技信息六大产业为一体的大型企业集团，在全国11个省市区拥有40余家分子公司。资产总额从2000年的10.91亿元到如今650亿元，增长60倍；营业收入从2000年的7.36亿元到如今400亿元，增长54倍。截止目前，公司保有有色金属资源储量1505万吨，贵金属资源储量黄金27吨，白银3900吨，黑色金属资源储量3.1亿吨，盐湖资源储量12亿吨，其中氯化锂储量285万吨，总资源量潜在价值突破1.2万亿元。是青海省唯一一家连续14年入围中国企业500强的企业。
002497.SZ,雅化集团,3299504.332,1925105.078,241,936626263.3,2号岩石乳化炸药、导爆管雷管(毫秒、半秒、秒系列)、二级煤矿许用乳化炸药、粉状乳化炸药、铝酸酯偶联剂、煤矿许用毫秒电雷管、煤矿许用瞬发电雷管、普通导爆索、普通延期电雷管(毫秒、半秒、秒系列)、三级煤矿许用乳化炸药、十八烷基三甲基氯化铵、十二烷基二甲基苄氯化铵、十二烷基二甲基甜菜碱、十二烷基三甲基氯化铵、十六烷基三甲基氯化铵、斯盘-80、塑料导爆管、岩石膨化硝铵炸药、炸药专用复合油相,高分子聚合物、火工产品,公司专注于锂矿和锂盐产品生产，是国内最早生产锂盐产品的企业之一，是全球锂盐产品的主要供应商。公司以锂产业和民爆产业为主业。集民爆生产、爆破服务、锂盐生产、锂矿开采、危险品运输、军工业务为一体，资源协同、联动发展。公司拥有中国民爆行业唯一的国家级企业技术中心以及国家认可监测和校准实验室，建有两个“博士后创新实践基地”、四川省民用爆炸物品与装备工程技术研究中心等多个创新平台，具有国内领先的技术研发能力。在智能装备、电子雷管、工程爆破、炸药技术等领域处于国内领先水平；雅化锂业在锂行业中技术领先，拥有磷酸二氢锂的制备装置、磷酸二氢锂的生产方法、钛酸锂晶须的制备、一步清洁法电池极碳酸锂的生产方法等发明专利，国内领先的氢氧化锂矿石一步冷冻法生产中核心环节冷冻、浓缩分离生产技术均为雅化锂业所首创。
688390.SH,固德威,3249912.299,564390.285,241,279535000,固德威并网逆变器监控 App、固德威储能逆变器监控 App、固德威单相单路 NS 系列、固德威单相单路 SS 系列、固德威单相双路 DS 系列、固德威离并网储能 ES系列、固德威三相双路 DT 系列、固德威三相双路 SDT 系列,电子元器件,公司系以新能源电力电源设备的转换、储能变换、能源管理为基础，以降低用电成本、提高用电效率为核心，以能源多能互补、能源价值创造为目的，集自主研发、生产、销售及服务为一体的高新技术企业。公司是高新技术企业、国家级博士后科研工作站设站企业、国家火炬计划产业化示范项目承担单位。公司研发中心被认定为江苏省可再生能源并网逆变器工程技术研究中心、江苏省认定企业技术中心、苏州市光伏并网逆变器工程技术研究中心、苏州市工业设计中心、江苏省工业设计中心。公司已在新能源电力电源设备领域深耕近十载，建立了一套有效的研发体系，长期从事新能源电力能源领域系统产品、技术、解决方案的研究，具备持续的研发投入能力。公司先后获得“苏州市名牌产品”、“江苏省名牌产品”、“德国红点设计奖”，连续四年蝉联TüV莱茵“质胜中国优胜奖”等荣誉和资质。
003035.SZ,南网能源,3192867.471,381235.2407,241,473924709.4,城市照明节能服务、分布式光伏节能服务、工业高效能源站节能服务、工业节能、建筑节能服务、节能工程业务、节能咨询技术服务、节能咨询技术服务及节能工程服务、农光互补业务、其他工业综合节能服务、生物质综合利用、余热余压和煤矿瓦斯综合利用、综合资源利用,专业咨询服务,公司主要从事节能服务，为客户能源使用提供诊断、设计、改造、综合能源项目投资及运营维护等一站式综合节能服务。公司根据客户所在行业特性、外部环境资源禀赋情况、客户自身经营特点和节能减排需求，通过整合先进节能环保技术，充分利用高效节能环保设备，转变客户用能来源、用能方式，在满足客户对各类能源(电、热、冷、蒸汽、压缩气体等)需求的同时，降低客户用能投资风险，提升客户能源使用效率、减少能源费用和碳排放，从而实现良好的经济效益和社会效益。公司构建了覆盖节能设计、改造、服务等综合节能服务体系，打造了服务经济社会发展的绿色平台，建成了一大批在全国有影响力的大型节能减排示范项目，为客户提供一揽子的节能解决方案，是全国领先的工业节能、建筑节能、城市照明节能投资运营服务商。公司是唯一一家同时拥有中国节能协会节能服务产业委员会颁发的工业节能领域5A级证书、建筑节能领域5A级证书、公共设施节能领域5A级证书的公司，是国家发改委备案、国家工信部推荐的节能服务公司。
603218.SH,日月股份,2884605.015,546084.2349,241,667348400.2,风电铸件、其他铸件、塑料机械铸件,专用设备与零部件,公司是一家专业从事铸造研发、生产、销售、服务为一体的民营上市公司，同时也是高新技术重工企业。始建于1984年，经过多次重组改制，建立了科学的机制和体制，以铸造大型及特大型重大装备铸件为主。目前公司正处于高速发展期，已成为装备先进、技术力量雄厚、多品种、批量生产的国内最大的铸造生产企业之一，以生产“厚大断面球铁铸件”见长，处于铸造行业的龙头地位。公司与清华大学、湖南大学等高校联合共建了一个省级企业工程技术中心。公司的铸造技术中心被认定为浙江省省级企业技术中心，公司开发的“注塑机厚大断面球铁模板铸件”被列入国家火炬项目。公司拥有国家级认可实验中心、省级企业技术中心、博士后科研工作站。通过了ISO9001、ISO14001、OHSAS18000体系认证，并通过了中国、美国、意大利、英国、法国、挪威等船用产品生产工厂认证。
002028.SZ,思源电气,2880558.382,505423.9307,241,1197669572,110kV-500kVGIS及SF6开关耐压试验系统、110kV-500kV交联电缆耐压试验系统、BKSC系列环氧浇注铁心并联电抗器、BKS系列油浸式铁心并联电抗器、CI―2000型电容电流测试仪、CKSC系列环氧浇注铁心串联电抗器、DWKN―I型动态无功补偿及电能质量监控装置、GZF-I型GIS工频耐压及局放测试系统、JC1MOA在线监测仪、LP―I移频线路参数测试仪、M―8000I型变频介质测试仪、OSM―1000高压设备绝缘在线监测系统、TROM―600变压器油色谱在线监测系统、磁控电抗器(MCR)型SVC、思源电气变频串联谐振成套试验装置、思源电气变压器感应耐压及局放测试系统、思源电气便携式高电压变频谐振耐压试验装置、思源电气电容式电压互感器、思源电气干式互感器、思源电气高压并联电容器、思源电气户外高压交流隔离开关、思源电气户外高压交流接地开关、思源电气户外高压交流中性点隔离开关、思源电气集合式高压并联电容器、思源电气交流高压六氟化硫断路器、思源电气交流高压真空断路器、思源电气接地变压器、思源电气耦合电容器、思源电气微机小电流接地选线成套设备、思源电气消弧线圈自动调谐及接地选线成套装置、思源电气自能式高压六氟化硫断路器,变电设备、低压电器类、电气仪器仪表、电子元器件、施工及检测设备、输电设备,公司是国内知名专业从事电力技术研发、设备制造、工程服务的上市公司，荣膺国家重点火炬计划高新技术企业、中国能源装备十佳民企、上海市创新型企业等荣誉称号。公司致力于向全球客户提供一流的电气设备与服务，帮助客户安全、可靠、高效地使用和维护电力，产品线覆盖输配电一次、二次设备专业领域，公司主导产品及核心技术处于世界先进水平。公司业务涉及电力、冶金、铁路、石化、煤炭、港口等多个行业，为上海磁悬浮、上海世博会、秦山核电站、云广800千伏特高压直流输电工程、溪浙±800千伏特高压直流输电工程、晋东南-南阳-荆门1000千伏特高压扩建工程、北京奥运会、巴西世界杯、中石油新疆独山子千万吨炼油工程等国内外重大工程提供了优质的电力设备和可靠的技术保障。
600032.SH,浙江新能,2822171.733,451026.6566,225,454958780,电力、风力发电、光伏发电、水力发电,发电机及附属设备、风电、水电,公司是浙江省人民政府批准组建的省级资产营运机构，主营业务为水力发电、光伏发电、风力发电等可再生能源项目的投资、开发、建设和运营管理，公司拥有强大的工程施工队伍、丰富的水资源投资经验和较为雄厚的资本实力，在浙江省、乃至全国的水利水电工程建设中，享有盛名，做出重大贡献，公司形成了较为完整的工程施工体系，尤其在电站机电设备安装、水利水电工程施工、港口海岸工程施工、地基与基础路桥工程施工等专业方面具有强劲的竞争力和完善的质量保证体系、质量控制检测体系。一批工程项目取得了“鲁班奖”、“钱江杯”、“西湖杯”等荣誉称号。大多数子公司成为省市一级文明单位，公司积极进军国际市场。集团公司和所属的2家子公司拥有对外经济技术合作经营权，积极跻身国际建筑业市场，在东南亚、中东、非洲等地区总承包或者参建当地工程，先后承建或合作承建了菲律宾、叙利亚、马来西亚、尼日利亚、阿尔及利亚、安哥拉等国家的工程项目，被评为“浙江省外经十大先进企业”。
300850.SZ,新强联,2776424.784,436744.3798,241,514307382.2,锻件、盾构机关键零部件、盾构机主轴轴承、风电变桨轴承、风电机组零部件、风电偏航轴承、风电主轴轴承、工程机械轴承、海工装备船用轴承、海工装备港口轴承,专用设备与零部件,"公司是一家专业从事大型回转支承和工业锻件的研发、生产和销售的高新技术企业,公司拥有强大的研发能力和先进的生产工艺。经过多年的研发及生产实践，获得多项发明专利,公司研制开发了2兆瓦永磁直驱式风力发电机三排滚子主轴轴承、盾构机系列主轴承(属国家“863”火炬计划)、防腐式船用回转支承等产品，上述产品获得了中国机械工业联合会的科学技术成果鉴定。公司的风电主轴轴承和盾构机主轴承达到了国际技术标准，打破了该领域轴承产品国外垄断的局面，实现进口替代。公司具备先进的风电主轴轴承、偏航轴承、变桨轴承，盾构机轴承及关键零部件，海工装备起重机回转支承的研发、设计、生产能力,已成为风力发电机组、盾构机等高端装备配套轴承的主要制造企业。未来，公司将继续围绕国家产业政策，坚持服务清洁能源及高端装备的总体方向，做精做强风电类、盾构机类及海工装备类配套轴承业务，大力研发可替代进口高端产品，努力成为风力发电机组、盾构机、海工装备等高端装备轴承的一流制造商。"
600418.SH,江淮汽车,2775841.819,1448843.508,241,199999353.8,彩色之旅轿车、江淮汽车--村村通汽车底盘、江淮汽车--都市通汽车底盘、江淮汽车-路路通汽车底盘、瑞风标准型轿车、瑞风道路清障车、瑞风高空作业车、瑞风机场用车、瑞风警备车、瑞风救护车、瑞风冷藏车、瑞风洒水车、瑞风商务车、瑞风通讯指挥车、瑞风厢式车、瑞风邮政车、瑞风油罐车、瑞风自卸车、瑞鹰SRV,行驶底盘设备、轿车、轻型卡车、商务车、重型卡车与专用车、专用车,"公司是一家集全系列商用车、乘用车及动力总成等研产销和服务于一体,“先进节能汽车、新能源汽车、智能网联汽车”并举的综合型汽车企业集团。公司现有主导产品包括：重、中、轻、微型卡车、多功能商用车、MPV、SUV、轿车、客车、专用底盘及变速箱、发动机、车桥等核心零部件。现拥有瑞风、江淮iEV、帅铃、骏铃、康铃、格尔发、和悦、星锐、锐捷特等知名品牌。公司坚持“安全、节能、环保、智能、舒适”的关键技术研发路线，已形成整车、核心动力总成、自动变速箱及软件系统等关键零部件研发、试验验证和标定开发等完整的正向研发体系。在节能减排技术、智能安全技术、噪音技术、轻量化技术、新能源技术、制造工艺技术等方面取得了全面突破，持续打造企业的核心竞争力。公司与德国大众汽车、康明斯发动机、西班牙桑坦德银行等知名企业分别建有合资公司。已经与南美、欧洲、非洲、中东、东南亚等全球130多个国家和地区建立合作关系，拥有JAC日本、JAC意大利两家海外研发中心；在俄罗斯、越南、肯尼亚建有子公司。"
300682.SZ,朗新科技,2724844.172,172095.7609,241,846881629.4,AMI&MDM、SG186 工程、电动汽车、高清视频会议系统、公用事业互联网业务、管理应用、海外电力计费、基建管理、计费&费控、家庭互联网业务、客户服务体系、能效管理、生产管理、收入保障、输电线路塔上一体化通信装置、输电线路在线监测系统、统一视频通信平台、网络报文记录分析仪、物资管理、业扩&服务品质评价、营配&培训、营销数据综合服务（大数据）、运监中心、智慧教育视频云平台系统、智能计量,行业专用软件、互联网服务,公司是一家专注于公用事业领域业务信息化系统的技术与服务提供商。公司业务主要集中于电力信息化行业的用电领域，产品主要包括用电信息采集、远程实时费控、营销业务应用、客户服务管理、服务品质评价、计量生产调度、电能服务管理、营销稽查监控、农电生产管理等，纵向上覆盖输电、配电及电力调度智能化业务领域；横向上已进入燃气、水务及其他公用事业领域。此外，公司通过与支付宝等第三方支付平台合作，建设基于互联网的公用事业电子账单处理与支付(EBPP)平台，为消费者提供便捷的能源及其他公用事业缴费服务、消费信息服务，致力于成为能源互联网及其他公用事业服务提供商。
002531.SZ,天顺风能,2641954.735,712400.0876,241,1309506834,CAB-69米三菱门框、CAB-CLIPPER风塔门框、CAB-GE门框、CAB-RePower门框、CAB-SUZLON门框、GE 叶片托架、GE65米 1.5MW 防震塔、GEN3代80米 1.5MW 冷温塔、GEN4代80米 1.5MW 冷温塔、MM82 1.5MW 69米风塔、V80 2MW 67米风塔、V82 1.65MW 80米风塔、V90 3MW 80米风塔、风力发电设备--风塔塔架,发电机及附属设备、风电,公司已发展成集新能源设备制造、新能源开发、智慧能源系统、金融服务等多元化产业集团公司。公司在太仓、包头、珠海、丹麦等地设有多家生产基地，专业从事兆瓦级大功率风力发电塔架及其相关产品的生产、销售，也是全球最具规模的风力发电塔架专业制造企业之一。公司通过领先的专业制造技术、一流的工艺检测装备和严格的质量管理体系在国际风电塔架市场中建立了巨大竞争优势。公司积极探索多元化发展，进入集中式、分布式风电开发与运营；进入储能管理系统、微网控制系统、在线能源管理系统、新能源汽车等领域，实现公司战略升级。依托新能源设备、新能源开发的优势，全面整合产业资源；金融服务业务涵盖融资租赁、产业投资、母基金管理等。公司秉持“公正、可靠、专业、专注”的价值观，一直致力于绿色清洁能源的发展。
601016.SH,节能风电,2612078.533,1014896.372,241,767537808.7,节能风电电力,风电,公司是从事风力发电项目开发、投资管理、建设施工、运营维护的专业化公司。作为中国节能唯一风电开发运营平台，公司承继了中国节能在风电领域多年积累的行业经验、技术优势及从事风电行业的优秀管理团队，已发展成为张北坝上地区、甘肃河西走廊地区领先的风电开发商。公司在业内具有较高的知名度和良好的品牌形象，先后中标并示范建设了国家第一个百万千瓦风电基地启动项目――河北张北单晶河200MW特许权项目；中标并示范建设了国家第一个千万千瓦风电基地启动项目――甘肃昌马200MW特许权项目，是国家首个千万千瓦风电基地和首个百万千瓦风电基地的示范者和引领者。公司完成了以河北张北、甘肃酒泉、新疆托里为基地，以蒙西、蒙东、青海为支点，以湖北五峰、广西博白、浙江嵊州、四川剑阁、河南尉氏、陕西定边等为尖兵的陆上布局，以广东阳江、唐山乐亭南北两个地区的海上布局，并建设了澳大利亚白石风电场项目，实现了海外市场的突破，使公司逐步发展成为国内国际全面布局的专业化风电公司。
000591.SZ,太阳能,2604695.909,1463866.16,241,1180846606,光伏组件、太阳能电池组件,半导体太阳能光伏、机电产品经销,公司是中国节能环保集团有限公司的控股子公司，是目前中国最大的太阳能投资运营商之一和国内第一家以太阳能发电为主业的上市公司。公司业务以太阳能光伏电站的投资运营为主，主要产品为电力，该产品主要出售给国家电网；同时，公司还从事太阳能电池组件的生产销售，产品主要用于对外销售。公司具备强大的项目开发建设和运营管理能力，积累了丰富的投资经验，目前包括地面及分布式电站、滩涂及沙漠电站、光伏建筑一体化项目、光伏农业等多种光伏电站模式的项目已遍布中国多个省、市、自治区，总装机容量超过4吉瓦，成为中国国内装机容量最大的光伏企业。公司拥有优秀的技术人才、科学的维护管理机制、完善的企业文化体系，秉承高水平的运营管理能力和“拼搏奉献、求实创新、雷厉风行、团结协作”的阳光精神，旨在为人类奉献更多绿色电力，以国内市场为龙头，以光伏应用为依托，不断进行模式创新，持续推进技术进步，重点打造基于太阳能产业的资本运营平台和资源配置平台。
002056.SZ,横店东磁,2476311.209,678497.7883,241,1120444284,DMEGC软磁铁氧体、DMEGC永磁铁氧体、横店东磁碱性锌锰无汞电池、横店东磁永磁烧结磁粉,磁性材料、低压电器类,公司是一家拥有磁性材料、太阳能光伏、新能源电池等多个产业群的高新技术民营企业。公司是国内规模最大的磁性材料生产企业，也是太阳能光伏产业链比较齐全、规模较大的生产企业。公司拥有雄厚的研发力量，是国际磁性材料技术交流的平台，设有国家级企业博士后工作站、国家级科技兴贸创新基地、国家磁性材料技术中心、浙江省磁性材料重点实验室、省级重点企业研究院、省级院士专家工作站、省级企业技术中心、浙江省科技文献共建共享平台、省级高新技术企业研发中心等创新平台。公司磁性材料产业的核心客户以全球500强企业或行业领先企业为主，如苹果、华为、特斯拉、博世、三星、法雷奥、松下、飞利浦等；太阳能产业的客户亦大多为行业内领先企业。
000762.SZ,西藏矿业,2353878.213,2445198.139,241,140158748.7,西藏矿业电解铜、西藏矿业高岭土、西藏矿业铬矿、西藏矿业铬铁合金、西藏矿业铬盐、西藏矿业金矿、西藏矿业锂矿、西藏矿业锂盐、西藏矿业硼矿、西藏矿业锡矿,半金属、合金、黄金、黏土类非金属矿产、轻有色金属、铜、无机化工原料、有色金属矿产,公司是西藏最大的综合型矿产品开发公司，主要从事铬铁矿、锂矿、铜矿、金矿和硼矿资源的开采及深加工。其产品分别是：铬铁矿；高、中、低碳铬铁(含低钛铬铁)等。公司所属铬铁矿产于西藏山南地区曲松县罗布萨乡境内，是我国储量最丰富、Cr2O3含量最高，Cr/Fe最高的铬铁矿生产基地。公司是西藏自治区纳税大户，是西藏首批授信企业之一，也是中国检验认证集团质量认证有限公ISO9001:2000;ISO14001:2004；GB/T28001-2001质量、环境和职业健康安全认证企业。
002245.SZ,蔚蓝锂芯,2297258.734,822454.5142,241,670122145.1,澳洋顺昌冷轧钢板配送、澳洋顺昌铝合金板配送、澳洋顺昌其他金属配送、澳洋顺昌热镀锌钢板配送、澳洋顺昌热轧钢板配送,其他物流,"公司是金属物流配送行业的领导者，为超过1000家知名企业提供金属材料的仓储、分拣、套裁、包装、配送以及来料加工等完整供应链服务。公司主要从事LED芯片业务、锂电池及金属物流配送三大业务，拥有10多家控股子公司,遍布于长三角及珠三角的苏州、上海、淮安、扬州、东莞等地区。公司下属的江苏天鹏电源有限公司是专业从事锂离子电池研发、生产、销售的高新技术企业，作为国内较早选定三元体系用于电动工具用锂离子电池的企业，在三元材料动力型圆柱电池领域具有将近10年的研发和制造经验的积累，拥有先进的圆柱型锂电池生产线，具有较大规模的圆柱型动力锂离子电池生产能力，在工具型动力锂电池领域处于领先地位。公司凭借着规模化的运营、精细化的管理体制及专业的服务，在金属物流行业得到客户的普遍认可，作为规模化企业在金属物流配送市场中具有领先优势与竞争力。公司以先进成熟的技术工艺为基础，结合业内领先的核心装备和公司优秀的管理理念，成为LED外延芯片行业技术水平、营运效率、盈利最好的企业之一，LED芯片凭借稳定的性能和高性价比获得市场的高度认可。"
688598.SH,金博股份,2294440.757,466821.4781,241,501095974.1,板材、棒/管材、保温条、保温筒、导流筒、电极、顶板、发热体、非标准异形件、盖板、坩埚、护板、加热器、紧固件、料盘、密封环、模套,专用设备与零部件,湖南金博碳素股份有限公司主要从事先进碳基复合材料及产品的研发、生产和销售，是一家具有自主研发能力和持续创新能力的高新技术企业。公司致力于为客户提供性能卓越、性价比高的先进碳基复合材料产品和全套解决方案，是唯一一家入选工信部第一批专精特新“小巨人”企业名单的先进碳基复合材料制造企业，同时是国家知识产权优势企业，湖南省发展非公有制经济和中小企业先进单位，湖南省绿色工厂。公司已经于2020年5月18日成功登陆科创板，是省内第三家科创板公司。公司设立以来，依靠自主研发和持续创新，在先进碳基复合材料生产制备低成本化、产品品种多样化和装备设计自主化等方面取得重大突破，掌握了先进碳基复合材料低成本制备核心技术并实现了批量产业化。公司先进碳基复合材料坩埚、导流筒、保温筒等产品在晶硅制造热场系统得到推广和应用，逐步对高纯等静压石墨产品进行进口替代及升级换代，整体技术及产业化能力处于行业领先水平。公司以先进碳基复合材料低成本制备关键技术为目标，组织了一支涵盖材料、纺织、无纺、机械、电气等多学科的核心研发人才团队，取得33项发明专利授权，并独家或以第一起草单位身份牵头制定了5项国家行业标准，承担了科技部863计划重大项目、科技型中小企业技术创新基金项目、发改委高技术产业化专项项目等重要研发项目。
601908.SH,京运通,2287690.934,735124.8901,241,828159225.5,单晶硅炉、多晶硅铸锭炉、硅棒、硅锭、硅片、晶体区熔炉、退火炉,半导体材料、专用设备与零部件,公司成立于2002年8月8日，是一家以高端装备制造、新能源发电、新材料和节能环保四大产业综合发展的集团化企业，主导产品包括单晶硅生长炉、多晶硅铸锭炉、区熔单晶炉等光伏及半导体设备，多晶硅锭及硅片、区熔单晶硅棒及硅片等光伏产品，光伏发电和风力发电等新能源发电项目及固定源和移动源稀土无毒脱硝催化剂。高端装备制造业务是公司传统的优势产业，主要包括光伏及半导体、环保设备的设计研发及制造。新能源发电产业主要为光伏发电和风力发电，节能环保是公司近几年新进入的产业，是十分契合公司发展理念的举措，为治理空气污染、改善生态环境作出积极的贡献。
600166.SH,福田汽车,2281809.904,433480.0091,241,-5060921171,福田MP-X、福田奥铃超运、福田奥铃捷运、福田奥铃皮卡、福田冲浪皮卡、福田传奇、福田风景爱尔法轻客、福田风景快运、福田欧V全景无限、福田欧V先锋、福田欧V新干线、福田欧马可、福田欧曼昆仑、福田欧曼奇兵、福田欧曼神舟、福田欧曼雄师、福田萨普、福田时代金刚、福田时代汽车、福田时代轻卡、福田时代中重卡,客车、轻型卡车、商务车、重型卡车与专用车、专用车,公司是一家跨地区、跨行业、跨所有制的国有控股上市公司，目前拥有欧曼、欧辉、欧马可、奥铃、时代、萨瓦纳、拓陆者、萨普、图雅诺、风景、蒙派克、伽途、瑞沃等业务品牌，生产车型涵盖轻型卡车、中型卡车、重型卡车、轻型客车、大中型客车、乘用车以及核心零部件发动机。公司通过与世界知名企业戴姆勒、康明斯、采埃孚的横向一体化战略合作，完成了商用车全系列发动机、变速箱等核心零部件的布局，产品性能得到提升的同时创造了新的利润增长点，形成福田汽车核心竞争优势。
002506.SZ,协鑫集成,2244184.103,594362.1212,241,-1982880721,太阳能电池片、太阳能原材料、太阳能组件,半导体材料、半导体太阳能光伏、低压电器类,公司是一家主要生产各种型号、规格的单晶硅、多晶硅太阳能组件和太阳能灯具的新能源企业，生产的硅太阳能组件95%以上出口，畅销欧美。公司利用国际先进的专用设备，通过精心的设置、严格的质量控制体系以及一流的生产工艺，专业生产各种型号、规格的太阳能电池组件，配套生产和安装太阳能用户系统、太阳能灯等系列产品及工程。公司生产的太阳能组件畅销德国、西班牙、意大利、美国等主流光伏市场。公司先后通过了ISO9001、ISO14001、TUV认证、IEC61215认证、CE认证、美国UL认证、英国MCS认证和韩国组件认证。
600500.SH,中化国际,2237042.763,305058.3493,241,2175432016,中化化工、医药、农药产品出口、中化煤炭钢铁进出口、中化石油及天然气下游产品贸易、中化塑料原料进口、中化橡胶轮胎进出口,进出口贸易,公司是在中间体及新材料、农用化学品、聚合物添加剂、天然橡胶等领域具有核心竞争力的国际化经营大型国有控股上市公司。公司专注于化工新材料、农药原药及剂型、电子化学品、汽车用材料及化学品等方面的研究，其中农药原药研究、橡胶化学品研究属行业领先。公司将商业实践与社会价值共融，追求可持续发展，注重环境保护，致力于建设资源节约型、环境友好型社会，实现“精细化学绿色生活”的企业发展愿景。荣获“中国上市公司治理百强”榜首、“中国最佳董事会”、“中国最受尊敬的上市公司”、“中国最具责任感上市公司”、“中国最佳治理上市公司”等诸多荣誉。
688408.SH,中信博,2169455.872,294011.8749,241,15032252.95,BIPV、单立柱支架、季节可调支架、平单轴跟踪支架、双立柱支架、斜单轴跟踪支架,工业建筑、专用设备与零部件,公司是国内领先、世界一流的光伏支架系统解决方案提供商，主营业务为光伏支架的研发、设计、生产和销售，主要产品为光伏跟踪支架及固定支架。公司光伏支架的出货量及市场占有率位居世界前列。公司作为高新技术企业高度重视技术研发工作，秉承创新驱动发展的理念，设立了“江苏省太阳能智能跟踪及支架工程技术研究中心”及“苏州市太阳能跟踪系统成套设备重点实验室”，并取得了TüV南德颁发的光伏跟踪器TMP实验室资质。公司是全球光伏支架行业标准化的引领者和制定者，同时也是国内光伏行业内少数主导制定过国际标准的企业之一，经过多年持续的研发投入，公司产品技术日益成熟，已通过全球多个国家和地区的认证，包括Intertek、美国UL、TüV南德、欧盟CE、美国B&V可融资性等认证。公司产品依靠创新的设计理念、严格的技术标准及过硬的质量水平，得到了海外知名客户的广泛认可。
300376.SZ,易事特,2141806.884,733597.1013,241,515403900.8,易事特“E机房”系统、易事特“E智”系统、易事特EPS应急电源、易事特OR系列电源、易事特UPSmart2000监控软件、易事特UPS不间断电源、易事特壁挂电源系统、易事特变频电源、易事特便携式充电机、易事特电力UPS系统、易事特电梯专用电源、易事特电站型并网逆变器、易事特高频开关电源系统、易事特高频整流模块、易事特挂墙式电源系统、易事特光伏阵列智能汇流箱、易事特户外电源系统、易事特环境动力监控系统、易事特机房精密配电、易事特机房专用精密空调、易事特机柜集成系统、易事特集成式光伏电站、易事特监控模块、易事特免维护铅酸蓄电池、易事特配电单元（PDU）、易事特嵌入式电源系统、易事特手动调压器、易事特太阳能充电控制器、易事特太阳能离网逆变器、易事特网络服务器机柜、易事特稳压电源、易事特一体化电源系统、易事特整流模块电源、易事特智能电池巡检仪、易事特专用逆变电源、易事特组串型并网逆变器、易事特组合式电源系统,变电设备、低压电器类、电子元器件、行业专用软件、监控器材及系统、空调器具、专用设备与零部件,公司长期致力于现代电力电子产业技术领域，积累了丰富的高频电能变换与控制等关键核心技术，系统布局高端UPS电源、大数据、云计算、逆变器、储能、充电桩等相关产业。公司主要产品有：UPS、高压直流电源、逆变器、充电桩、储能设备、精密空调、智能配电等产品的研发、制造、销售与服务；围绕智慧城市&大数据、智慧能源(含储能系统、微电网、充电桩、云计算、逆变器)及轨道交通(含监控、通信、供电)等战略新兴产业，为全球用户提供优质IDC数据中心、量子通信云计算系统、光储充一体化智慧能源系统、轨道交通智能供电系统等全方位解决方案，致力于成为电力电子技术及能效管理专家、全球智慧城市和智慧能源系统解决方案卓越供应商。公司已发展成为国家火炬计划重点高新技术企业、国家技术创新示范企业、国家级知识产权示范企业，是全球新能源500强企业，2018年荣获全国“五一劳动奖状”。公司先后荣获“国家级知识产权示范企业”、“中国专利优秀奖”、“广东省企业专利创新百强企业”等多项殊荣。
300118.SZ,东方日升,2059263.378,1252418.437,241,-42318677.35,small solar power system 268×125×202mm、small solar power system 306×216×17mm、SYP170S-50M 太阳能板、SYP175S-50M 太阳能板、SYP180S-50M 太阳能板,半导体太阳能光伏,公司主要从事光伏并网发电系统、光伏独立供电系统、太阳能电池片、组件等的研发、生产和销售。作为国家级高新技术企业，公司拥有几十项主营业务核心技术，且建立了独立的国家级光伏实验室，该实验室获得国际CNAS认证，可按照IEC61215，IEC61730-2、UL1703进行多个项目测试，为公司及其他光伏企业的设计研发以及质量管控提供了有力的支持。公司产品远销欧美、南非和东南亚等多个国家和地区，为广大用户提供专业、便捷的光伏产品和技术支持。相关产品已通过TüV、CE、UL、GS、ROHS、REACH、PAHS等国际认证，且在同行中率先通过ISO14001环境管理体系、ISO9001质量管理体系以及GB/T28000职业健康安全管理体系认证。公司生产的太阳能组件产品被评为“浙江省名牌产品”、“浙江省出口名牌”。公司致力于生产高效率的电池片和组件，满足国内外市场不断增长的需求，把东方日升打造成国际领先的光伏终端应用产品制造商。
601778.SH,晶科科技,2021287.797,483770.1401,241,361013902.4,光伏电站EPC业务、光伏电站运营业务,半导体太阳能光伏,公司成立于2011年，是专业从事清洁能源的服务商，晶科电力主营业务主要分为光伏电站运营和光伏电站EPC两大板块，涉及太阳能光伏的电站开发、电站投资、电站建设、电站运营和电站管理等环节，以及光伏电站EPC工程总承包、电站运营综合服务解决方案等。近年来，作为公司核心业务的光伏电站运营取得高速发展，通过自行开发建造、收购等方式，在全国范围内投资开发光伏发电项目，行业地位和市场竞争力不断提升。
000875.SZ,吉电股份,1944183.235,806631.5419,231,450378911.9,吉电股份吉林省风电供应、吉电股份吉林省火电供应、吉电股份吉林省热力供应,风电、火电、热力,公司是国家电力投资集团有限公司控制的上市公司，主要业务涉及新能源、综合智慧能源、氢能、储能充换电及火电、供热、生物质能、电站服务等领域。公司以清洁能源为主线，打造了东北、西北、华东、江西、华北5个区域新能源基地，发展项目已遍及30个省市自治区，并积极拓展海外业务。展望未来，公司围绕“持续大力发展新能源，高质量发展综合智慧能源，创新发展氢能产业集群，全面拓展储能充换电业务”四条发展主线，致力于建成为世界一流清洁能源上市公司，为广大投资者提供更加稳定的回报，为促进国民经济发展和社会进步做出应有的贡献。
601222.SH,林洋能源,1942035.321,707346.0119,241,930473383,电力仪表、管理终端、光伏接线盒、计量产品、系统方案,半导体太阳能光伏、电气仪器仪表、电子测试和测量仪器、系统集成服务,公司主要从事智能、节能、新能源三个板块业务。公司智能板块主营产品覆盖智能电表、用电信息采集终端、智能用电信息管理系统解决方案、电力运维服务、微电网及储能系统解决方案、智能配用电产品解决方案、多表合一采集系统等，是领先的智能配用电整体解决方案提供商。公司新能源板块主要业务为开发、投资、设计、建设及运营各类分布式光伏电站，包括大中小型工商业屋顶电站、光伏建筑一体化、户用光伏、光充储微网等项目。公司节能板块主要业务为综合能源服务，该业务基于智慧能效管理云平台，为用户提供定制的一站式综合能源服务解决方案，包括分布式光伏及微网储能、清洁高效电供暖、蓄冷蓄热空调节能、工业余热余压利用、电机及空压机等设备改造、多能互补冷热电三联供的系统解决方案及产品的生产与销售、电能质量治理、LED节能照明改造、城市及交通照明EMC合同能源管理等。
300776.SZ,帝尔激光,1934542.818,232325.0043,241,381020267.7,帝尔激光FPC/陶瓷加工设备、帝尔激光薄膜太阳能电池激光设备、帝尔激光高效太阳能电池激光设备、帝尔激光激光精密加工设备,专用设备与零部件,"公司是一家研发精密激光加工配套设备,提供相应解决方案设计的国家级高新技术企业,公司主要产品为应用于光伏产业的精密激光加工设备,公司由海外归国博士团队领导,专注于太阳能电池、消费电子、触摸屏等应用领域方面的激光设备的研发、生产、销售和服务，在国内已树立太阳能电池激光设备制造业的行业标杆地位，目前,公司已成为国内太阳能电池激光设备的领导企业，跻身国际太阳能电池设备和技术服务一流供应商行列,公司的客户群体主要为天合光能、隆基股份、尚德电力、晶澳太阳能、阿特斯电力、中环股份、协鑫集成、晶科能源等国内外大中型光伏企业集团。"
000400.SZ,许继电气,1919164.848,828833.7233,241,724373048.5,顺特干式变压器、许继EMS加工服务、许继WGL-800故障录波分析装置、许继电力系统线路保护成套装置、许继电铁二次设备及城市轻轨控制设备、许继电子式、感应式电能表、许继电子式电度表、许继继电保护测试设备、许继继电保护及故障信息系统、许继继电器、许继母线保护及其他、许继全数字化变电站、许继微机综合保护装置、许继箱式变电站、许继中、低压开关设备,变电设备、低压电器类、电气仪器仪表、施工及检测设备,公司是国家电网公司直属产业单位，是专注于电力、自动化和智能制造的高科技现代产业集团。公司作为中国电力装备行业的领先企业，致力于为国民经济和社会发展提供高端能源和电力技术装备，为清洁能源生产、传输、配送以及高效使用提供全面的技术、产品和服务支撑。公司聚焦特高压、智能电网、新能源、电动汽车充换电、轨道交通及工业智能化五大核心业务，综合能源服务、智能制造、智能运检、先进储能等新兴业务，产品可广泛应用于电力系统各环节。公司产品主要分为智能变配电系统、直流输电系统、智能中压供用电设备、智能电表、电动汽车智能充换电系统、EMS加工服务等六类。公司拥有国家认定的企业技术中心、国家高压直流输变电设备工程技术研究中心、国家能源主动配电网技术研发中心、国家工业设计中心，以及国家电工仪器仪表质量监督检验中心，是和IEC/TC85技术委员会秘书处和全国电工仪器仪表标准化技术委员会秘书处承担单位。
000559.SZ,万向钱潮,1897472.926,152478.1707,241,686493962.1,万向半轴、万向等速驱动轴、万向第二代轮毂单元、万向第三代轮毂单元、万向第一代轮毂单元、万向电动摩托车用聚合物锂动力电池组、万向电动汽车用聚合物锂动力电池组、万向防尘罩、万向工程机械转动轴、万向刮水器电机、万向刮水器电机总成、万向减速器、万向轿车减震器、万向某传动轴中间支架、万向某系列轿车转向轴、万向内呼吸式弹簧气室、万向钱潮万向节十字轴、万向双膜片弹簧气室、万向水泵轴连轴承、万向物资贸易、万向橡胶密封件、万向圆锥轮毂单元、万向中重型卡车传动轴、万向转向管柱,车身及外观设备、传动设备、低压电器类、发动机设备、工控机械、国内贸易、行驶底盘设备、横向附件、专用设备与零部件、转向设备,公司是目前国内主要的独立汽车零部件专业生产基地之一，专业生产底盘及悬架系统、汽车制动系统、汽车传动系统、汽车燃油排气系统、轮毂单元、轴承、精密件、工程机械零部件等汽车系统零部件及总成。公司围绕汽车零部件新能源化、模块化、轻量化、电子化、互联化、智能化等前沿技术加速发展，积极拓展业务及提高主导产品细分市场份额，不断提升公司活力、创新力和竞争力，实现市场的转型升级，使公司的核心竞争力不断得到提升。同时，公司不断完善公司体系治理，提高规范运作能力，加快人才引进、储备和培育，为公司发展奠定了坚实基础，确保公司的长期稳健快速发展。公司万向节、传动轴、制动器、燃油箱、排气系统等产品被认定为中国名牌产品，钱潮商标被认定为驰名商标，先后荣获中国世界名牌、中国工业大奖表彰奖、浙江省政府质量奖、首届中国质量奖提名奖、制造业单项冠军示范企业等。
600580.SH,卧龙电驱,1883210.876,447049.823,241,987816331,卧龙MVE系列振动电机、卧龙大功率电机、卧龙电动自行车、卧龙电梯用电机、卧龙发电机、卧龙风电设备、卧龙高压变频器、卧龙隔爆异步电动机、卧龙混凝土搅拌机、卧龙家用电机、卧龙气动振动器、卧龙特种变压器、卧龙系统集成、卧龙小功率异步电动机、卧龙蓄电池、卧龙中小型电机、卧龙中小型异步电动机,变电设备、低压电器类、电动车、动力机械、发电机及附属设备、系统集成服务,公司属国家重点高新技术企业，集电机与控制、输变电、电源电池三大产品链，产品涵盖各类微特电机及控制、低压电机及控制、高压电机及控制、电源电池及输变设备等40大系列3000多个品种，主导产品引领国际国内主流市场并配套诸多国家重点工程项目，各项经济指标连续多年居国内同行首位。生产基地遍布中国上虞、绍兴、杭州、上海、淮安、北京、银川、武汉、济南、青岛、烟台、芜湖、南阳、郴州；奥地利努斯特瑙、斯皮尔伯格；英国伯明翰、哈德斯菲尔德、诺维奇、利兹市；德国诺登汉姆、门兴格拉德巴赫、韦尔茨海姆；塞尔维亚博尔、苏博蒂察；波兰塔尔努夫；意大利摩德纳。公司在杭州、日本大阪、荷兰埃因霍温三地建有三个电机及驱动控制技术研究机构。是国家重点高新技术企业，设有博士后科研工作站和国家重点实验室，建立了省级电气研究院和国家级企业技术中心。
002139.SZ,拓邦股份,1879656.419,561246.2201,241,564964282.2,拓邦电子TD视频采集卡、拓邦电子车辆监控专用彩色摄像机、拓邦电子电池保护板、拓邦电子电磁炉电脑控制板、拓邦电子电饭锅模糊控制器、拓邦电子高效照明产品控制器、拓邦电子空调电控板、拓邦电子锂电电池保护板、拓邦电子摄像机系列、拓邦电子数字超级宽动态摄像机、拓邦电子微波炉微电脑控制器、拓邦电子卫浴类电控板、拓邦电子洗碗机电控板、拓邦电子洗衣机电控板,电子元器件、光学设备,拓邦股份是国内智能控制行业开创者和领导者，1996年在深圳南山科技园成立后，专注为家用电器、电动工具、工业设备、个人护理、商业设备、医疗器械、汽车电子等领域厂商提供智能控制解决方案，已成为全球领先的智能控制方案提供商。公司研发人员超过1000人，在感知检测、控制处理、智能物联和人机交互等领域拥有一系列核心技术，并拥有业界领先的体系化管理能力。在智能时代，公司依托智能控制器核心技术优势和丰富的行业经验，成立了一站式智能电器解决方案平台T-SMART，秉承专业让智能更简单的理念，为客户提供从智能控制器、通讯模块、云服务到应用软件开发的全方位服务，以及从客户需求到产品量产的一站式智能电器解决方案。
605376.SH,博迁新材,1856669.637,175556.7418,241,237836419,博迁新材(挂牌终止)镍铬合金粉、博迁新材(挂牌终止)镍铁合金粉、博迁新材(挂牌终止)镍锡合金粉、博迁新材3D打印金属粉、博迁新材纳米镍粉、博迁新材纳米铜粉、博迁新材纳米银粉、博迁新材锡膏,金属包装制品,公司是国内产业化使用常压下等离子体加热气相冷凝法制备技术生产电子专用高端金属粉体材料的企业，一直致力于电子专用高端金属粉体材料的前瞻性研发和市场化推广，是目前全球领先的实现纳米级电子专用高端金属粉体材料规模化量产及商业销售的企业。公司的主营业务为电子专用高端金属粉体材料的研发、生产和销售。目前公司产品主要包括纳米级、亚微米级镍粉和微米级、亚微米级铜粉、银粉、合金粉。公司产品是电子信息产业的基础材料，主要用于电子元器件制造，其中镍粉、铜粉主要应用于MLCC的生产，并广泛应用到消费电子、汽车电子、通信以及工业自动化、航空航天等其他工业领域当中。自成立以来，公司一直专注于电子专用高端金属粉体材料的研发、生产与销售，拥有物理气相法金属粉体生产线九十余条，并具备完善的质量保障体系。公司于2013年12月通过高新技术企业认证，取得《高新技术企业证书》，并于2016年11月通过高新技术企业认证复审。
300487.SZ,蓝晓科技,1824506.528,417549.4447,241,310856595.2,化工专用树脂、环保专用树脂、湿法冶金专用树脂、食品加工专用树脂、应用系统装置、制药专用树脂,其他化学品、专用设备与零部件,公司的主营业务是研发、生产和销售吸附分离树脂并提供应用解决方案。公司提供的吸附分离树脂在下游用户的工艺流程中发挥独特的选择性吸附、分离和纯化等功能，广泛应用于湿法冶金、制药、食品加工、环保、化工和工业水处理等领域。依托强大的技术创新能力，公司以产业化应用为核心，深入细致地研究下游应用领域的技术、工艺发展状况，结合重点应用领域用户的需求，研发和提供吸附分离树脂、工艺和应用技术。公司提供的吸附分离树脂产品和应用解决方案在多个重点应用领域实现了对国外进口材料的替代及原创技术的产业化，推动了相关产业的技术升级。公司产品和服务对于提升下游用户的产品品质、促进工艺革新、降低生产成本起到至关重要的作用，提升了下游用户的核心竞争力，为用户创造了核心价值。
600416.SH,湘电股份,1823731.35,220352.7301,241,79472735.24,湘电C.B不堵式泵、湘电C.B大型立式斜流泵、湘电C.B单级双吸离心泵、湘电C.B多级泵、湘电C.B立式凝结泵、湘电C.B立式涡壳泵、湘电C.B泥浆泵、湘电C.B排污泵、湘电C.B潜水电泵、湘电C.B挖泥船泵、湘电C.B悬臂泵、湘电C.B轴流泵、湘电大型铰接式无轨电动客车斩波调速电气成套设备、湘电大型三相立式异步电动机、湘电低地板轻轨电车、湘电地下铁道电动客车成套设备、湘电地下铁道斩波调压电气设备、湘电电动轮自卸车、湘电可控硅脉冲调阻电气设备、湘电四轴有轨电车、湘电同步电机、湘电挖掘机电气成套控制设备、湘电无轨双能源低地板电动客车、湘电蓄电池式工矿电机车、湘电直流架线式工业电机车、湘电中型高压三相异步电动机、湘电中型三相立式异步电动机,变电设备、低压电器类、动力机械、风泵机械、客车、重型卡车与专用车,公司是我国电工行业大型骨干企业，是国家重大技术装备国产化基地，是电工行业产品配套能力、科研开发能力最强的企业之一。公司的主营业务是大中型交直流电机(含特种电机)、水泵、矿用采运设备(含特种车辆)和城市轨道交通车辆及电气成套设备的生产和销售，主要产品有直流电机、直流牵引电机、特种电机、水泵等。“湘电”已经成为“中国驰名商标”，是我国电工行业的大型骨干企业和国务院确立的国家重大装备国产化研制基地、国家高技术产业基地和国家创新型企业。被誉为“中国电工产品摇篮”、“中国民族工业脊梁”。公司是中国机电行业最具价值的品牌之一，先后荣获全球100强新能源企业、中国新能源企业30强、中国制造企业500强等称号。
002091.SZ,江苏国泰,1796319.129,489111.9667,241,1236168613,硅烷偶联剂、国泰纺织品进出口、国泰服装进出口、国泰化工进出口、国泰机电进出口、国泰轻工进出口、国泰玩具进出口、锂离子电池电解液,进出口贸易、其他化学品,公司目前的主要业务有供应链服务和化工新能源业务。公司供应链服务主要涉及消费品进出口贸易以及电商平台，以消费品进出口贸易为主，面向国际国内两个市场，聚焦生活消费品，致力于提供全供应链一站式增值服务。公司控股子公司张家港市国泰华荣化工新材料有限公司主要生产锂离子电池电解液和硅烷偶联剂，作为国内锂离子电池电解液行业的先入者，在研发、生产、销售等方面具有一定的优势，锂离子电池电解液销量连续多年在国内和国际上名列前茅。公司控股子公司江苏国泰超威新材料有限公司是超级电容器电解液产品行业标准的主起草单位。
300457.SZ,赢合科技,1715567.214,414852.4273,241,311390993.4,叠片机、分条机、卷绕机、模切机、涂布机、制片机,专用设备与零部件,公司是我国动力电池智能自动化设备行业的龙头企业，也是目前全球唯一一家能够提供动力电池智能化数字工厂解决方案的企业。公司是行业内第一家推出锂电池智能生产线整线方案提供商，为客户提供自动化生产工艺实现、动力辅助、环境控制和工业建筑规划设计等全套解决方案，面向客户认可的子公司和合作伙伴定制相应设备，从方案设计、产品出图、设备生产到设备调试、生产运维的各个环节进行全程跟进和服务，充分满足客户自动化、信息化、智能化的生产需求。公司紧贴市场需求，抓住市场机遇，满足客户自动化、信息化、智能化的生产线要求，客户粘性提升，订单量持续增长。
300343.SZ,联创股份,1698377.66,1611408.409,241,287729234.7,ZLC-1001 家电专用系列、ZLC-1002热水器专用系列、ZLC-1003管道专用系列、ZLC-1004浇铸系列、ZLC-1005仿木系列、ZLC-1006喷涂系列、ZLC-1007板材系列、ZLC-2000汽车、家具系列、ZLC-SPU聚脲喷涂系列、公关社会化营销、广告效果监测、互联网媒介购买、精准和移动营销、品牌整合传播、数字平台建设,高分子聚合物、互联网服务、运营平台系统、专业咨询服务,公司致力于互联网营销传媒及绿色化学品的研发、生产与推广，产品涵盖：互联网创意及策略制定、媒介购买、数字公关、社会化营销、电商创新应用、数据分析循环利用、聚氨酯组合聚醚多元醇、聚氨酯弹性体预聚物、单体聚醚、聚脲防水防腐材料、聚氨酯防火保温板等。通过利用自身开发的数据系统持续的对客户及媒体数据进行收集和优化，并以其出色的策略策划、内容营销、创意制作和优秀的项目执行能力，为客户提供全面、优质的整合营销服务；凭借日臻成熟的媒介采购与管理经验，与主流互联网媒体形成了长期稳定的合作关系。公司作为清华大学院士工作站，始终坚持技术创新价值体系，拥有亚洲一流的“技术研发中心”和专业的科研团队以及一流的生产装置，确保了产业的可持续发展，志在打造中国创新化学品旗舰型企业，振兴民族产业。
002610.SZ,爱康科技,1685271.266,1347969.838,241,-406044783.9,EVA胶膜、爱康接线盒、太阳能电池封装边框、太阳能光伏支架、太阳能配件产品,铝合金及制品、专用设备与零部件,公司是一家专注于新能源电力投资运营及提供一站式光伏配件的高新技术企业，是江苏省重点发展和培育的国际知名品牌，中国新能源行业龙头企业之一。公司已累计运维的并网清洁能源电站约1GW，处在国内同行业民营企业的前列。其传统业务――光伏配件制造，涵盖太阳能电池铝边框、光伏安装支架、光伏焊带等产品，常年保持行业领先的发展态势。同时，其能源互联网业务，布局新能源电站维护、检测、评级、售电和碳资产开发、新能源汽车及充电桩运营等业务，全方位打通能源生产到消费的产业链。除此之外，在产业转型升级的大形势下，公司在金属加工产品领域开发新品，发展了索尼、丰田通商、住友商社、飞利浦、博世、三洋、海信等优质的客户群，帮助制造业资产质量升级；依托产学研合作、无锡市院士工作站、江苏省工程技术中心等研发平台，坚持“客户至上、持续创新、拥抱变化、以贡献者为本”的发展理念开展技术的实用性研究和前瞻性开发。
002472.SZ,双环传动,1679187.536,351488.9072,241,326329134,电动工具及工业缝纫机齿轮、轿车齿轮、轿工程机械齿轮、卡车齿轮、摩托车齿轮,传动设备,公司始终专注于机械传动齿轮的研发、设计、制造与销售，形成涵盖传统汽车、电动汽车、高铁轨道交通、非道路机械、摩托车及沙滩车、电动工具及工业机器人等多个领域门类齐全的产品结构，已经成为全球具有相当生产规模和实力的主要齿轮散件专业制造企业之一。公司与众多国内外优质客户建立起深厚的技术与产品合作关系，形成一批本行业“巨头”客户群，如博世、采埃孚、利勃海尔、卡特彼勒、康明斯、博格华纳、伊顿、西门子等以及国内的比亚迪、上汽、玉柴集团等。
603876.SH,鼎胜新材,1649406.781,339790.0401,241,430047929,PS版基、单零箔、电池箔、电池外壳、高铁隔音板、空调箔、铝箔毛料、普板带、钎焊箔、双零箔,专用设备与零部件,公司主导产品为铝板、带、箔及涂层材，以及深加工产品氧化铝板、电缆箔、空调箔、装饰建材用铝箔、空调冰箱用蒸发器、冷凝器等多种系列铝产品。广泛用于绿色包装、家用、家电、电子通讯、交通运输、印刷、化工、建材、装饰等行业。公司主要生产、检测设备从意大利、日本、德国等国引进，采用国内外先进的技术、工艺组织生产，通过严格的检测保证质量，能满足客户对产品厚度、精度及性能的需求。公司已于2001年通过了ISO9002认证，目前正在实施ERP管理。
002249.SZ,大洋电机,1613546.774,630638.9025,241,250385655.7,Y5S(L)空调用风机负载类电机、Y6S(L)柜式空调用风机负载类电机、Y7S(L)中央空调用风机负载类电机、大洋电机风机负载类电机、大洋电机高效节能智能电机、大洋电机洗衣机电机、大洋电机直流无刷电机,动力机械,公司致力于成为全球电机及驱动系统行业领袖，为全球客户提供安全、环保、高效的驱动系统解决方案，是一家拥有“建筑及家居电器电机、新能源汽车动力总成系统、氢燃料电池系统及氢能发动机系统以及车辆旋转电器”等产品，集“高度自主研发、精益制造、智慧营销”为一体的高新技术企业。公司在发展过程中荣获“国家火炬计划项目”、“省知识产权示范企业”、“省创新型企业”和“出口产品免验企业”等荣誉上百项，自有品牌“大洋电机”成为广东省著名商标及出口品牌，同时通过并购，公司拥有了百年国际品牌“佩特来”的永久免费使用权以及“上海电驱动”、“杰诺瑞”等多个行业知名品牌。通过开展氢燃料电池模组生产及氢能储运等一系列的业务拓展，公司已初步形成新能源汽车产业链完善的产业战略布局。在全球新能源汽车及氢燃料电池产业链的精准布局，有效提升了大洋电机在全球新能源汽车行业及氢燃料电池行业的重要性。
300393.SZ,中来股份,1574049.716,976954.2161,241,-313361310.5,中来太阳能电池背膜,半导体太阳能光伏,公司致力于打造成全球一流的光伏领先集成产品制造运营商。公司以技术为核心、以人才为驱动，聚焦太阳能光伏领域，构建了“光伏辅材、光电、光伏应用”三大业务。经过十年的发展，公司在国内光伏制造、研发领域经过多年的发展，积累了雄厚的技术优势和研发经验，一直保持着较强的研发实力和持续创新能力。背膜研发中心设有多功能、综合性实验室，着力完善产品研发技术平台，为背膜新项目、新技术的研发提供了良好的环境及设备支持。通过数年努力，公司获得了中国光伏上市公司卓越表现奖、CQC领跑者计划杰出贡献奖、组件卓越品质奖、最佳材料商奖、太阳能背膜协同制造技术与装备科学技术进步二等奖、中国能源技术领导企业等多个荣誉与奖项，公司的技术研发能力、产品质量、行业贡献获得了业内的高度认可，并在光伏行业形成了重要影响力。
300438.SZ,鹏辉能源,1552179.371,695455.9553,237,182431718.4,锂离子电池、锂锰电池、锂铁电池、镍氢电池,电子设备及加工,公司是中国较大的电池生产厂家之一，主营绿色高性能电池的研发、生产及销售。主要生产聚合物锂离子、锂离子、镍氢等二次充电电池，锂铁、锂锰、锂亚硫酰氯、锌空等一次电池，产品广泛应用于移动电源、航模、新能源汽车动力电池、汽车启动电源、通信基站后备电源、风光储能及家庭储能电池系统解决方案，并实现规模化生产，拥有自主知识产权，主要技术指标处于国内、国际先进水平。公司拥有较强的技术研发能力、高效的品质管控能力、生产技术与规模优势。公司通过多年对电芯材料体系的深入理解，持续技术创新和改造，导入新材料、新工艺、新设备，开发新产品，不断强化公司的市场竞争力，先后成立了“博士后科研工作站”、“广州市鹏辉二次电池工程技术研究开发中心”，多次被评为“国家火炬计划重点高新技术企业”、“高新技术企业”、“广东省省级企业技术中心”、“广东省战略性新兴产业骨干企业”。公司拥有各项专利，均已转化入公司的核心产品。未来，公司将继续坚持“以工业品发展为主，辅以民用品牌市场建设”的发展思路，立足国内、面向世界，全力打造成为具有国际竞争力的国内专业的电池制造企业。
600151.SH,航天机电,1536518.641,260601.9065,241,59990004.2,航天机电ABS轮速传感器、航天机电CZ型磁粉制动器、航天机电LYZGD离合器液压缸、航天机电LYZGE离合器液压缸、航天机电LYZG离合器液压缸、航天机电北京切诺基空调器、航天机电车速传感器、航天机电单晶硅电池组件、航天机电多晶硅电池组件、航天机电哈飞轿车空调器、航天机电哈飞微型车空调器、航天机电江淮空调器、航天机电江苏悦达轿车空调器、航天机电猎豹助力缸、航天机电南京菲亚特轿车空调器、航天机电奇瑞车速传感器、航天机电奇瑞轿车空调器、航天机电庆铃空调器、航天机电赛欧车速传感器、航天机电神龙富康轿车空调器、航天机电太阳电池组、航天机电太阳能光伏电站、航天机电夏利轿车空调器,半导体太阳能光伏、发动机设备、空调器具,上海航天汽车机电股份有限公司成立于1998年5月28日，股票代码600151，是中国首家以“航天”命名的上市公司，是航天技术应用产业化的重要平台。依托央企资源，把握国家战略性产业发展方向，经过多年不懈努力，航天机电现已形成新能源光伏、汽车热系统和军民融合三大产业格局，创建了上海、内蒙古、江苏三大产研基地，拥有五家高新技术企业和七个国家级、省市级技术研发中心。航天机电主要从事多晶硅、太阳能电池、电池组件及“光伏+储能”新型系统集成；空调热系统、EPS等汽车电子系统产品；军民融合领域的应用产品的研发、生产和销售。旗下品牌广泛享有国际国内市场盛誉，先后与众多世界知名企业建立了战略合作伙伴关系。秉承“用心创造未来”的企业文化，航天机电始终致力航天技术应用产业的发展，为中国乃至全球提供优质的产品和服务，并努力打造“可持续发展，有社会责任感，给股东合理回报的优质上市公司”。在企业科学发展的同时，积极履行节能环保的全球性社会责任，用心创造人类可持续发展的美好未来。
601311.SH,骆驼股份,1527104.723,338440.7956,241,831789107.6,纯铅薄极板卷绕式蓄电池、电动车电池、阀控密封式电池、干式电池、锂离子电池、免维护电池、摩托车电池、牵引用铅酸蓄电池,低压电器类,公司为一家专业从事先进电池研发、生产、销售、回收的综合性高新技术企业。多年来，公司面向市场，奋力拼搏，已成长为一个大型企业集团，逐渐发展壮大为国内最大的蓄电池制造公司之一。主要从事蓄电池的制造和销售，主要产品是用于汽车起动、电动道路车辆牵引、电动助力车动力用的铅酸蓄电池。公司拥有省级技术中心和研发中心，多项产品与技术为行业内首创，在技术上处于领先地位。公司已建立了完善的销售与服务网络，已成为东风汽车、神龙汽车、一汽大众、上海大众、福特、通用、北京现代、江淮汽车、重庆长安等家国内汽车生产厂商的主要供应商之一。在出口市场方面，公司海外市场的拓展和销售已初见成效，产品出口至俄罗斯、澳大利亚、意大利、沙特及南非等40多个国家。公司是国家重点支持的高新技术企业，“骆驼”商标已被国家工商总局认定为“驰名商标”。另外，公司还先后获得“国家权威检测合格产品证书”、“中国电器工业最具影响力品牌”、“中国市场品牌质量信誉竞争力调查”十佳品牌、“全国守合同重信用企业”、“质量信誉AAA等级”等多项荣誉或称号。
600006.SH,东风汽车,1419095.436,390588.1263,241,371747475.8,东风多利卡轻卡、东风福瑞卡系列、东风后置底盘、东风金霸轻卡、东风金刚轻卡、东风康明斯发动机、东风力拓系列、东风皮卡轻卡、东风前置底盘、东风日产帕拉丁SUV、东风日产皮卡、东风洒水车、东风吸粪车、东风小霸王轻卡、东风油罐车、东风御风系列、东风之星轻卡、新能源乘用车、新能源物客车、新能源物流车,发动机设备、行驶底盘设备、轿车、客车、轻型卡车、商务车、重型卡车与专用车,公司作为东风汽车集团有限公司轻型商用车事业的承担者，主营业务为全系列轻型商用车整车和动力总成的设计、制造和销售。事业单元涉及轻卡事业、工程车事业、客车事业、新能源事业和发动机事业。公司涵盖全系列汽车品种从轻卡、工程车、特种车、皮卡到SUV、MPV、客车、轻型客车及底盘等，从传统汽车到新能源汽车，多方位满足全国客户的不同货物运输类型需要和行业集团客户的差异化需求。公司立足客户和市场的需求进行商品规划，以客户为中心研发和投放市场，打造工特事业的黄金车型，在市场上奠定了坚实的基础。
600577.SH,精达股份,1392935.056,457453.4071,241,549139404.5,精达股份HFC134a压缩机用漆包铜圆线、精达股份HFC空调压缩机多层复合漆包铜圆线、精达股份变频电机用抗电晕漆包线铜圆线、精达股份家电销售、精达股份聚酯亚胺复合聚酯胺酰亚胺漆包铜圆线、精达股份聚酯亚胺漆包铜圆线、精达股份拉丝模具、精达股份软圆铜线、精达股份硬圆铜线、精达股份直焊性聚氨酯微细漆包铜圆线,家电零售与连锁、输电设备、冶金机械,公司为国家重点高新技术企业，是特种电磁线行业的龙头企业、位列全球前三位的特种电磁线制造商。公司在质量、品牌、技术、规模、战略布局等方面具有明显的优势。主要生产设备、检测仪器从意大利、德国、奥地利、美国、丹麦等国家和中国台湾地区引进，自动化程度高，具有当代国际先进水平。公司主要产品广泛适用于家用电器、电子材料、电力设备、通讯仪器、汽车电机、电动工具等行业产品配套。形成了安徽、广东、天津、江苏四大生产基地，产品覆盖长三角、珠三角和环渤海地区，并有部分产品销往欧美、南亚地区。公司是电磁线行业国家标准起草单位，并参与了电线电缆行业“十二五”规划的编制工作。公司通过了ISO9001标准认证、TS16949、ISO14001环境管理体系认证、OHSAS18001职业健康安全管理体系等管理认证。
002518.SZ,科士达,1365689.442,459550.722,241,373200496.3,“金守护”系列一体化柜式机房、FMH密封电池系列、FML密封电池系列、FM固定型密封电池系列、FM小型密封电池系列、SM系列逆变电源、Stanchangel系列逆变电源、UPS、UPS输出模块、VP5800―RM系列逆变电源、VP5800系列逆变电源、插拔式电池箱、电池柜、机架式电池箱、机架折叠式KVM、科士达GFM密封电池系列、浪涌保护模块、市电分配模块、双电源切换模块、太阳能光伏逆变器、太阳能深循环电池系列、网点专用一体化柜式机房、友电HIPOWER系列、友电YDC9100系列、友电YDC9300系列、友电YDE2000系列、友电YDE9100系列、智能监控模块、主电源输入模块、综合配电模块,变电设备、低压电器类、电子元器件、输电设备,公司是国内领先的机房一体化系统集成制造商，领先的新能源电力转换技术创新厂商，UPS产业领导者，高品质阀控式密封铅酸蓄电池专业制造商。公司主要致力于电力电子及新能源领域，产品涵盖UPS不间断电源、逆变电源、阀控式铅酸蓄电池、机房一体化设备、太阳能光伏逆变器等。公司参与国家西气东输二线东段UPS集中采购等国家级重点信息化工程，品牌在国内市场已具有较高的知名度和美誉度。公司获得“UPS服务用户满意度金奖”、“UPS服务用户满意度第一”、“中国计算机用户服务优质企业”、“最佳服务承诺兑现企业”等荣誉称号。
603179.SH,新泉股份,1323250.54,124971.9277,241,284014410.9,保险杠总成、乘用车仪表板总成、顶置文件柜总成、立柱护板总成、流水槽盖板总成、门内护板总成、商用车仪表板总成,汽车及零配件经销,公司专业从事汽车内、外饰件系统零部件及模具的设计、制造及销售；自营和代理各类商品及技术的进出口业务。公司是全国百家优秀汽车零部件供应商之一，是众多汽车品牌的一级配套商，与合资广菲克、上海大众、一汽大众，自主上海汽车、吉利汽车、奇瑞汽车、宝沃汽车及北汽等乘用车配套；和一汽解放、东风、福田戴姆勒、中国重汽、陕重汽等大中型商用车汽车企业也建立了长期稳定的合作关系。　　公司恪守“追求卓越、超越期望”的质量方针，竭力为客户提供优质的产品和服务。2002年通过QS9000认证，2005通过TSl6949认证，2010年通过国家环境体系ISO14000认证，2009年新泉实验室通过国家CNAS认证。
000970.SZ,中科三环,1295195.754,520745.0073,235,398881468.5,SANMAG烧结钕铁硼磁体、SANMAG粘结钕铁硼磁体、大陆鸽电动自行车、中科三环软磁铁氧体,磁性材料、自行车及配件,公司是目前中国稀土永磁材料产业的代表企业，全球最大的钕铁硼永磁体制造商之一。公司主要从事磁性材料及其应用产品研发、生产和销售，以烧结钕铁硼磁体、粘结钕铁硼磁体、软磁铁氧体和电动自行车为主要产品。公司有NEOMAX和麦格昆磁的钕铁硼专利许可，其专利产品通过北京中科三环国际贸易公司以“SANMAG”商标远销世界各地。公司还参股上游原料企业，确保了稀土原材料的稳定供应；在下游产业生产由钕铁硼稀土永磁电机驱动的绿色环保电动自行车。公司的主打产品钕铁硼广泛应用于能源、交通、机械、信息、家电、消费电子等方方面面，尤其是近年来全球节能环保产业的快速发展，推动了在混合动力汽车、电动汽车、节能家电、机器人、风力发电等新兴领域的应用。公司是中国稀土永磁产业的代表企业，全球最大的钕铁硼永磁体制造商之一。
300185.SZ,通裕重工,1292454.661,360602.5631,241,284618271.2,MW级风力发电机主轴、大型电渣重熔锭、大型锻件、大型锻件坯料、大型数控设备、大型铸管模具,发电机及附属设备、型钢类、专用设备与零部件,公司长期从事大型铸锻件产品的研发、制造及销售，技术研发实力雄厚，质量控制体系运转良好，公司技术中心被认定为国家级企业技术中心，检测中心通过了国家实验室认证。公司已通过美国ASME核级MO认证，系中核集团合格供应商，已获得军工二级保密资格和武器装备质量管理体系认证，取得了锅炉压力容器锻件安全注册证书、压力管道元件制造许可证书和CCS、BV、DNV-GL、RINA、ABS、NK、LR、KR、RS九家船级社认证。经过多年发展，现已形成集大型铸锻坯料制备、铸锻造、热处理、机加工、大型成套设备设计制造于一体的完整产业链，并可为能源电力(含风电、水电、火电、核电)、矿山、石化、海工装备、压力容器、机械、军工、航空航天等行业提供大型铸锻件及核心部件，现已成为国家经济建设和国防建设所需核心产品和大型高新技术重大装备的研发、制造基地。凭借过硬的产品质量，与美国GE、德国恩德、西班牙安信能、丹麦维斯塔斯等国内外众多高端客户建立了长期稳定的合作关系。公司荣获中国工业行业排头兵企业、中国机械工业优秀企业、山东省环境友好企业、山东省节能先进企业等多项荣誉称号。
300655.SZ,晶瑞电材,1291778.498,643648.044,241,200996573.6,超净高纯试剂、功能性材料、光刻胶、锂电池粘结剂、食品级消毒剂过氧乙酸,有机化工原料,苏州晶瑞化学股份有限公司(SCCC)2001.11.29注册成立，位于苏州市吴中经济开发区澄湖东路，是一家生产销售微电子业用超纯化学材料和其他精细化工产品的上市企业。品种包括氢氟酸、过氧化氢、氨水、盐酸、硫酸、硝酸、异丙醇、冰醋酸、混合酸(硅腐蚀液、铝腐蚀液、铬腐蚀液、BOE、金蚀刻液)氢氧化钾、氢氧化钠、配套试剂等。目前主要产品的纯度为，单项金属杂质含量小于0.1ppb。产品广泛应用于超大规模集成电路、LED、TFT-LCD面板制造过程、太阳能硅片的蚀刻与清洗。
000049.SZ,德赛电池,1286157.946,499198.3772,241,793765412.6,德赛锂聚合物电池、德赛镍氢电池、德赛燃料电池、德赛无汞碱锰电池、德赛锌空气电池、德赛一次锂电池,低压电器类,公司为控股型企业，主要围绕锂电池产业链进行业务布局，其中惠州电池主营中小型锂电池封装集成业务，惠州蓝微主营中小型移动电源管理系统业务，二级子公司惠州市蓝微新源技术有限公司主营大型动力电池、储能电池等电源管理系统及封装集成业务。公司已经成为全球中小型移动电源领域的领导厂商之一，与全球主要电芯厂开展合作，服务于全球顶级消费电子厂商。作为国内锂电池制造领域的先行者，经过多年的发展，尤其是近年来，通过持续加大研发投入、打造高效制造平台、搭建品质控制预防体系、优化业务结构等举措，公司积累了雄厚的技术优势，品质保证及技术开发能力处于国际领先地位，拥有了优质的高端客户资源、先进的自动化水平和领先的制造水平，具有较强的综合竞争优势。在智能手机、电动工具等中小型移动电源管理系统暨封装领域处于全球领先地位。公司的电池产品获得了“国家免检产品”、“中国名牌产品”、“广东省名牌产品”等称号。
600869.SH,远东股份,1237081.955,198792.6235,241,530897516.3,储能电池组、储能电芯、电线电缆、裸导线、智能设备,专用设备与零部件,公司致力于成为全球领先的智慧能源、智慧城市服务商，主营智慧能源和智慧城市技术、产品与服务及其互联网、物联网应用的研发、制造与销售；智慧能源和智慧城市项目规划设计、投资建设及能效管理与服务；智慧能源和智慧城市工程总承包；包括智能分布式电源技术和产品、数码电芯、高性能动力锂电池组、新能源汽车等。公司拥有博士后科研工作站、院士专家工作站、江苏省企业研究生工作站、国家级企业技术中心、国家级认可实验室、江西省锂电池工程研究中心等科研基地。公司以“创造价值，服务社会”为使命，秉持“诚信务实、创新创优、和灵共赢”的价值理念，致力成为备受员工热爱、备受社会尊敬的全球领先的智慧能源、智慧城市服务商。
000690.SZ,宝新能源,1184233.74,169396.1976,241,824373483.8,宝新能源广东省火电供应、宝新能源梅县荷树园电厂一二期工程,工业建筑、火电,公司是中国证券市场中的新能源电力龙头上市公司，是广东省首家采用先进循环硫化床洁净燃烧技术，以及全国规模最大的资源综合利用电厂。公司主营业务包括：洁净煤燃烧技术发电和可再生能源发电，新能源电力生产、销售、开发，新能源电力生产技术咨询、服务；房屋建筑、公路、桥梁、市政等基础设施工程的设计、承揽与施工；新能源产业投资，对外直接股权投资、创业投资、受托投资、受托管理投资、投资咨询、财务咨询。经过多年努力，公司先后入选上证300、深证100等多个重要指数样本股，连年名列“中国上市公司综合绩效百强榜”、“上市公司整体价值百强排行榜”、“最佳成长上市公司50强”、“中国新能源行业最具影响力品牌”，多次获得“广东十大和谐企业”、“广东省模范集体”、“广东省先进集体”、“中国上市公司董事会金圆桌奖――十佳董事会”、“中国上市公司董事会金圆桌奖――董事会建设特别贡献奖”等荣誉称号。
002239.SZ,奥特佳,1168554.086,234470.1455,238,-133914415.9,汽车空调系统、汽车空调压缩机,汽车及零配件经销,公司主要从事各类汽车空调压缩机及汽车空调系统的研发、生产和销售，是国内最大的汽车空调压缩机生产企业，产品主要销往国内外知名整车制造厂。南京奥特佳和富通空调是国内汽车空调压缩机行业的领先企业。南京奥特佳是中国汽车工业协会认定的“中国汽车零部件(空调)行业龙头企业”，是全球最大的涡旋式汽车空调压缩机生产企业，并连续多年获得“全国百佳优秀汽车零部件供应商”称号，奥特佳商标被评定为“中国驰名商标”。
300080.SZ,易成新能,1168062.469,126835.0043,241,-185266807.9,白刚玉微粉、高级耐火材料专用微粉、工程陶瓷专用微粉、黑碳化硅微粉、晶片研磨、抛光专用微粉、绿碳化硅微粉、太阳能、半导体切割刃料、涂附、固结磨具专用微粉、棕刚玉微粉,半导体材料,公司是一家专业从事太阳能晶硅片、半导体线切割刃料研发、生产、销售的高新技术企业，太阳能光伏行业重要的功能性材料供应商。公司产品占有率一直位居国内晶硅片切割刃料生产企业前列，主导产品太阳能晶硅片切割刃料、半导体晶圆片切割刃料是太阳能光伏产业、半导体芯片制备产业的专用切割材料，还广泛应用于工程陶瓷、研磨材料等领域。公司提供晶硅片切割废砂浆的回收再利用服务，是河南省第一批资源综合利用型企业。“晶硅电池片切磨专用刃料”被认定为“高新技术产品”，“新大新”品牌的切割刃料在业内具有较高的知名度和产品美誉度。
600821.SH,金开新能,1164592.123,419690.763,232,406161268.8,风电、光伏、新能源电力、新能源电站项目、综合清洁能源,发电机及附属设备,"公司是天津市知名的大型商业企业，占据着天津市最大的商业中心地带。公司位于天津最著名商业街―金街与滨江道交汇处，是天津繁华商业圈的财源本位，财富价值与生俱来。公司集购物、观光、餐饮、文化娱乐为一体的多功能、综合性经营，使顾客在购物的同时还能得到情趣享受。公司努力建设成为代表天津商业的主导企业，逐步向生产及其它领域延伸，带动相关生产、加工业共同发展，创建科工贸一体化，跨行业、跨地区，集流通、生产、金融、房地产多功能综合性经营的大型企业集团。2020年9月，公司的主要业务变更为新能源电站项目的开发、投资、建设及运营,向成为一家主要立足于光伏、风电领域的综合清洁能源服务商转型。"
000413.SZ,东旭光电,1148574.471,124751.3171,241,-2800338883,TFT-LCD液晶玻璃基板、宝石L-35玻管、宝石彩色显示器玻壳、宝石彩色显像管玻壳、宝石电真空玻璃管、宝石销钉、宝石阳极帽,半导体材料、半导体分立器件、电子设备及加工、电子元器件,公司是国内领先的集液晶玻璃基板装备制造、技术研发及生产销售于一体的高新技术企业，也是全球领先的光电显示材料供应商。，公司从光电显示产业起步，逐渐发展成为集液晶玻璃基板、盖板玻璃、偏光片、彩色滤光片、蓝宝石等光电显示材料、高端装备制造及系统集成、石墨烯产业化应用、新能源汽车研发及制造、智慧城市建设等业务为一体的综合性高新技术企业，产业上下游纵向布局及横向联动不断深化，逐渐形成了具有综合竞争力的新兴产业集群。
603212.SH,赛伍技术,1130691.883,137423.9694,241,170092277.3,保护膜、超薄胶带、结构胶膜、耐高温热固型绝缘胶膜、太阳能背板、太阳能电池封装胶膜,高分子聚合物、专用设备与零部件,公司主要从事薄膜形态功能性高分子材料的研发、生产和销售。公司将“材料设计、树脂改性、胶粘剂配方、界面技术、测试评价”的基干技术与“涂布、复合、流延制膜”的工艺技术构成技术平台，在同一个技术平台上不断开发适用不同应用领域的功能性材料，实现同心圆多元化经营模式；同时公司在不同细分市场领域内通过创新工程实现差异化竞争优势或成本竞争优势。目前公司已形成光伏和非光伏两个业务板块，建立了光伏材料、工业胶带材料、电子电气材料三类产品体系，产品广泛应用于光伏、智能手机、声学产品、高铁车辆和智能空调等领域。
300224.SZ,正海磁材,1119816.819,415551.7501,241,265041297.5,高性能钕铁硼磁性材料、新能源汽车驱动电机、新能源汽车驱动电机控制系统,磁性材料、发电机及附属设备,公司是国内新能源和节能环保领域高性能钕铁硼永磁材料的主要供应商，国内高性能钕铁硼永磁材料的龙头企业。公司秉承“高性能钕铁硼永磁材料+新能源汽车电机驱动系统”的双主营业务的发展模式。公司控股子公司上海大郡是国内专业从事新能源汽车驱动电机及其控制系统的研发、生产和销售的高新技术企业。公司是国家发改委、科技部、财政部、海关总署以及国家税务总局的联合认定的国家级企业技术中心。
300068.SZ,南都电源,1052851.971,456004.5876,241,-1370219224,“Narada南都”Acme中密系列电池、“Narada南都”GEL2V/12V聚合物胶体电池、“Narada南都”LSA大密系列电池、“Narada南都”LSE(EOS)大密系列电池、“Narada南都”MP中密系列电池,低压电器类,公司是国家高新技术企业，一直专注于高端工业电池及新能源领域。公司提供以先进阀控密封电池、锂离子电池、燃料电池为核心的系统化产品、解决方案及运营服务，主营业务包含通信及数据、智慧储能、新能源动力全系列产品和系统的研发、制造、销售、服务及环保型资源再生，已形成“原材料－产品应用－系统解决方案－运营服务－资源再生－原材料”的全封闭产业链，并成为储能及资源再生等多个领域的领导者。目前公司已建有国家企业技术中心、国家认可实验室、国家级博士后科研工作站、院士专家工作站等，配备了国际最先进的研发试验和综合测试设备，拥有以院士为首，国内外教授、专家作为技术带头人的具有丰富理论与实践经验的研发团队。“Narada南都”为浙江省著名商标及浙江省出口名牌，在国内同行中享有较高的知名度和美誉度，是国内同行中海外市场知名度最高的企业。公司在成为中国市场通信电源主要供应商的同时，产品远销欧美、东南亚、非洲等几十个国家和地区。
300082.SZ,奥克股份,1022393.599,366386.1904,241,352237905.2,甲基烯基聚氧乙烯、晶硅切割液系列产品、聚氧丙烯醚、聚乙二醇单甲醚、聚乙二醇系列产品、烯丙基聚氧乙烯醚,无机化工原料,"公司是国家首批创新型企业、国家级企业技术中心、国家重点高新技术企业、国家博士后科研工作站和全国模范劳动关系和谐企业。公司自创立以来始终坚持“共同创造、共同分享”和“立足环氧创造价值”的发展战略与“大趋势、大市场、少竞争”的开发经营策略,始终致力于环氧乙烷衍生精细化工新材料的技术创新和产业发展。奥克已经发展成为国内环氧乙烷精深加工规模最大和最具竞争力的龙头企业，成为了全球最大的高性能混凝土减水剂聚醚的制造商和太阳能电池硅切割液的制造商。"
002108.SZ,沧州明珠,1017116.447,452522.6341,241,365966109,沧州明珠给排水塑料管件、沧州明珠工程服务、沧州明珠聚酰胺薄膜、沧州明珠排污双壁波纹管、沧州明珠燃气塑料管件、沧州明珠通信塑料管件、沧州明珠土木格栅、沧州明珠压力塑料管件、沧洲明珠硅胶管管材、沧洲明珠聚酰亚胺保鲜膜,高分子聚合物、构筑物、塑胶机械,公司是由河北沧州东塑集团股份公司与钜鸿(香港)有限公司共同出资兴建的股份制企业，属中外合资企业。公司所处行业为橡胶和塑料制品业，主要产品是PE管道、BOPA薄膜和锂离子电池隔膜产品。目前，公司在PE管道产品和BOPA薄膜产品方面凭借其规模和技术优势已成为细分行业的领军企业，在锂离子电池隔膜产品方面随着生产技术和生产工艺的不断提高和完善，以及生产规模的不断扩大，也已经确立了在锂离子电池隔膜行业的领先地位。公司产品“陆通”、“东鸿”商标品牌在行业内拥有较高的知名度，其中“陆通”商标被评为中国驰名商标。企业通过了99001国际质量体系认证、1914001环境言理体系认证、OHSAS18000职业健康安全理体系认证和rs16949质量管理体系。
300116.SZ,保力新,1005947.851,284925.1726,241,-133322924.7,离网储能储电系统、锂离子单体电池（电芯）、锂离子动力电池组、消防工程、新能源汽车租售及运营,出租汽车、公共服务、专用设备与零部件,公司是国内最早成功研发磷酸铁锂新能源汽车动力电池、汽车启动电源、储能系统解决方案并率先实现规模化生产和批量应用的动力锂电池企业之一，被中国化学与物理电源行业协会确认为中国动力锂离子电池20强企业前三强。公司主要业务是锂离子动力电池、新能源汽车租售及运营以及消防工程，主要产品为32650型圆柱锂电池、电池管理系统(BMS)、动力电池组及储能电池组。产品主要应用领域包括：纯电动大巴车、通勤车、城市物流车、移动补电车。此外，产品也应用于启动电源、储能应用、通信基站和家用电动工具等领域。公司根据公司战略发展需要，整合研发团队成立沃特玛技术研发中心，依托公司强大的资本实力和产业化能力，通过产学研合作，组织专职科研队伍开展工程化技术研发，实现基础研究与产业化的无缝对接。
000550.SZ,江铃汽车,937278.2187,135570.0132,241,574165944,江铃JMC轻型卡车、江铃宝典皮卡、江铃汽车宝典皮卡车、江铃汽车宝威皮卡车、江铃汽车车架、江铃汽车车桥、江铃汽车车身覆盖件、江铃汽车发动机、江铃汽车缸体、江铃汽车凯运卡车、江铃汽车轻卡、江铃汽车全顺商务车、江铃汽车运霸、江铃汽车铸件,车身及外观设备、发动机设备、行驶底盘设备、客车、轻型卡车,公司是一家集汽车研发、制造和销售的现代化中外合资股份制企业，是依托轻型商用车市场领导地位及领先技术，为智慧物流领域提供优秀产品及解决方案的中国汽车行业先锋，是国家高新技术企业、国家创新型试点企业、国家认定企业技术中心、国家级工业设计中心、国家知识产权示范企业、国家整车出口基地，连续多年位列全球最具价值的汽车品牌100强。依托福特汽车先进技术及管理经验支持，公司在业内的影响力稳步提升，无论在产品研发还是技术设备等方面都取得了长足的进步。公司首批中国自主研发的全球卫星定位系统北斗系统的车联网产品认证示范企业，发明专利“一种分析整车和零部件RE值关系的方法”获得第十九届中国专利优秀奖，公司首款JMC品牌重卡“江铃威龙”荣获“2018中国年度卡车”大奖及“最具潜力重卡”奖，充分展示公司在商用车领域的技术领先水平和自主创新能力。在持续巩固传统优势的同时，顺应国际国内行业发展新态势，公司不断开拓新的业务领域、创新业务模式。
688676.SH,金盘科技,933097.3058,79181.03615,241,234617393,SVG、VPI干式变压器、VPI干式电抗器、VPI型移相整流变压器、抽水蓄能特种干式变压器、低压开关柜、多晶硅还原炉用干式变压器、非晶合金变压器、风力发电专用干式变压器、高端装备制造产业、轨道交通牵引整流变压器、轨道交通用大电流大开断充气柜、海上平台专用变压器、海洋平台专用35kV大电流充气柜、环网柜、舰船专用变压器、节能环保产业、氢化炉用特种变压器、三维立体卷铁芯干式变压器、特种打压变压器、箱式变电站、新能源产业、新能源汽车产业、一体化逆变并网装置、一体化直流充电站、中置柜,变电设备,公司是行业内拥有较强研发创新能力和自主知识产权的优势生产企业之一，产品技术水平在同行业处于国内领先、国际先进水平。主要从事应用于新能源、高端装备、节能环保等领域的输配电及控制设备产品的研发、生产和销售，公司主要产品面向中高端市场的新能源(含风能、太阳能、智能电网等)、高端装备(含轨道交通、海洋工程等)、节能环保(含高效节能等)等领域，主要为新能源产业、高端装备制造产业及节能环保产业的关键电气设备，多年以来产品性能、质量和定制化能力均获得上述领域客户的认可，公司已与通用电气(GE)、西门子(SIEMENS)、维斯塔斯(VESTAS)、施耐德(Schneider)、东芝三菱电机、日新电机、安川电机等国际知名企业，以及国家电网、南方电网、中国电力建设集团、中国移动、上海电气、中国铁路工程集团、中国铁道建筑集团等大型国有控股企业建立了长期的客户合作关系。
300477.SZ,合纵科技,910618.3958,460282.3137,241,106233587,合纵科技低压分支箱设备、合纵科技电缆分支箱及电缆附件设备、合纵科技铠装中置式金属封闭开关设备、合纵科技配电自动化终端、合纵科技箱式变电站设备及配电变压器、合纵科技中压环网柜设备、合纵科技柱上开关设备,专用设备与零部件,公司是从事配电及控制设备制造及相关技术服务的高科技企业，主营面向国内电力网络、市政建设、铁路、城市轨道交通等诸多领域，生产和销售户外中高压配电和控制设备，产品主要包括环网柜、箱式变电站、柱上开关、变压器、故障指示器及智能配电终端、电缆附件、其他开关等。业务专注于户外配电产品市场，经过十多年的发展，积累了丰富的户外配电产品制造经验，逐步形成了技术创新优势、市场优势和团队管理优势。公司研发的电网用指示器系列、预铸式电缆连接件、全绝缘户外环网开关柜等产品，获多项国家专利，被国家经贸委认定为国家重点新产品，获得科技部中小企业创新基金及地方匹配资金支持；全绝缘户外环网开关柜被认定为国家发改委产业化项目。公司拥有多项专利权，并先后通过了ISO9001质量管理体系认证、中国国家强制性产品“CCC”认证、CQC、PCCC、AAA资信等级认证，获得多项荣誉证书。
603766.SH,隆鑫通用,899127.5353,112672.5951,241,384803012.7,摩托车、摩托车发动机、通用汽油机,发动机设备、摩托车,公司是研发、生产及销售摩托车及发动机、通用动力机械的企业。主要经营包括发动机(道路用发动机和非道路用发动机)、摩托车、发电机组(小型家用发电机和大型商用发电机组)、微型电动车、无人机、汽车零部件等业务。公司形成发动机、通机、摩托车、新能源机车的产业集群，在行业内享有较高的知名度与美誉度，向全球100多个国家和地区提供优质的、高效的产品和服务，并与多家国际知名公司建立长期稳定的合作关系。公司旗下的“隆鑫”、“劲隆”品牌均为中国驰名商标，“隆鑫”品牌还获得中国名牌、中国出口名牌称号。公司坚持“代言消费者、凸显产品力”的经营思想，不断创新技术、升级产品、拓展市场，主营业务稳健增长；聚焦转型升级，推进“无人机+农业信息化、微型电动车、智能电源”三大战略新兴业务。
002218.SZ,拓日新能,808214.6722,267124.9101,241,195445163,拓日新能非晶体硅太阳电池芯片及组件、拓日新能晶体硅太阳电池芯片及组件、拓日新能太阳能充电器、拓日新能太阳能灯具、拓日新能太阳能电池芯片、拓日新能太阳能电池组件、拓日新能太阳能户用电源系统,半导体太阳能光伏、半导体照明,公司是首家登陆国内资本市场的纯太阳能企业。拓日新能主营业务为研发、生产及销售太阳电池芯片、组件、太阳能应用产品、太阳能发电系统、太阳能集热板及热水器系统。公司是国家级高新技术企业、工信部认可的符合“光伏制造行业规范条件”的光伏企业、广东省战略性新兴产业骨干企业、广东省守合同重信用企业、深圳市质量百强企业、深圳市民营领军骨干企业；拓日新能是国家级高技术产业化示范工程和深圳市高技术产业化示范工程承担者，是建设部和深圳市“太阳能电池产业化基地”，拥有广东省工程技术研究中心――广东省太阳能电池及应用产品工程技术研究中心、深圳市市级工业设计中心――深圳市拓日新能源科技股份有限公司工业设计中心。公司产品通过了德国TUV、美国ITS、瑞士SGS、中国香港STC四大国际认证公司的产品出货检验，通过了IEC61215和IEC61730认证，通过了TUV关于抗PID及盐雾氨气测试认证、ISO9001质量管理体系认证、ISO14001环境管理体系认证、OHSAS18001职业健康安全管理体系认证以及ISO14064温室气体排放认证。
002276.SZ,万马股份,778773.7344,166404.5586,241,271206596.6,110kV交联电缆、220kV交联电缆、6-35kV交联电缆、硅烷交联交联电缆、万马低压塑力缆、万马架空线、万马交联电缆,通信线缆,公司是专业从事电力电缆的研发、生产和销售，集科研、设计、制造、销售于一体的大型电缆专业生产企业，从硬件设施到技术实力在电线电缆、高分子材料、特种线缆、及光伏新能源等领域均处于先进水平。专业生产220kV、110kV超高压电缆，35kV及以下交联电缆、塑力电缆、控制电缆、特种电缆、铝绞线及钢芯铝绞线和布电线、计算机电缆、预制分支电缆等多个品种，35kV及以下交联聚乙烯绝缘电缆和聚氯乙烯绝缘电缆均采用国际标准，民用电线通过国家强制性产品认证。公司产品广泛应用于全国多省市的城、农网改造、全国各大电厂、铁路、石油化工系统以及各大城市地铁、轻轨、机场等重点工程。
600525.SH,长园集团,769101.5645,110182.051,241,-1026771306,长园新材RSD普通型热缩堵塞套管、长园新材RSM系列热缩电缆封帽、长园新材RSW普通型热缩修补片、长园新材低压电缆分接箱、长园新材防静电拖鞋、长园新材防静电椅、长园新材防静电珍珠棉盒、长园新材高压电缆分接箱、长园新材硅橡胶电气接点防护盒、长园新材户内、户外干式终端、长园新材可分离连接器、长园新材内锥插拔式终端、长园新材热缩复合双壁管、长园新材热缩隔油管、长园新材热缩应力控制管、长园新材三层电子绝缘线、长园新材通信电缆接续施工附件包、长园新材通信管道用聚氨酯型堵塞剂、长园新材无卤环保热收缩套管、长园新材预制-冷缩式户内、户外终端、长园新材预制式电缆中间接头、长园新材预制式户内终端、长园新材预制式户外终端,半导体材料、低压电器类、电子元器件、高分子聚合物、输电设备、通信线缆,公司是一家大型企业集团，专业从事电动汽车相关材料、智能工厂装备、智能电网设备的研发、制造与服务。公司产品符合各类国家及国际标准，并取得了ISO9001和ISO14001国际认证、UL认证、CSA认证、KEMA认证及各类产品的入网证书。公司各业务板块继续升级与调整，发展电动汽车相关材料、智能工厂装备及智能电网设备相关业务。板块内各子公司继续保持在各自细分领域的行业地位，发挥其品牌优势。各子公司继续加大研发投入，加强专业技术人才队伍建设，提升技术创新能力。各板块各子公司管理结构及职能进一步调整，各子公司之间的协同性进一步增强。
002741.SZ,光华科技,764323.7377,158122.3968,241,62296122.55,PCB复配化学品、PCB高纯化学品,其他化学品,公司始创于1980年，现已形成以“高性能电子化学品”、“高品质化学试剂”和“新能源材料”为主导的，集研发、生产、销售和服务为一体的专用化学品产业体系。自成立以来，光华科技坚持自主品牌运营，为广大客户提供高品质的产品与服务，提供全面系统的技术解决方案，是电子、表面处理、日化、生物医药、陶瓷、环保能源等领域标杆企业的整体服务方案提供商。公司实力雄厚，先后获得“国家高新技术企业”、“国家创新型企业”、“国家重点新产品”、“国家知识产权优势企业”和“广东省优秀民营科技企业”等一系列荣誉和称号。拥有一支以教授、博士和硕士为骨干的研发团队，并以此为依托，组建了“院士工作站”、“博士后科研工作站”、“广东省省级企业技术中心”和“广东省化学试剂工程技术研究开发中心”等创新平台，形成了完善的研发体系。
300471.SZ,厚普股份,763570.8305,603678.8905,241,10915333.67,CNG压缩天然气加气机检定装置、L-CNG加气站成套设备、LNG/L-CNG加气站成套设备、LNG加气站成套设备、程序控制盘、触摸屏加气机、通用型智能加气机,专用设备与零部件,公司主营业务立足于清洁能源的高端设备制造及相应的能源工程咨询、设计、施工，包括但不限于CNG/LNG车用加气站成套设备、船用天然气供气设备、系统及其核心零部件的研发、生产和集成，井口天然气净化及液化处理装备的研发、生产和集成，加氢站成套设备、核心部件及系统、充电装置及分布式能源相关装备，同时具备了“清洁能源+互联网+云计算+大数据分析”一体化智慧能源系统开发及能源互联网运营维护的业务能力。公司CNG加气机通过了欧盟ATEX防爆体系认证，LNG集装箱橇装通过欧盟PED(G模式)承压设备安全认证及MD机械指令认证，LNG加气机通过欧盟ATEX防爆认证。公司“基于网络化管理的高安全性CNG加气机”获得国家科技部科技型中小企业技术创新基金并通过验收；LNG加气机及LNG加气站成套设备通过四川省科技厅科技成果鉴定，总体上处于国内领先水平；公司LNG/L-CNG全橇装加气装置通过四川省科技厅科技成果鉴定，处于国际领先水平；双泵橇智能LNG加气站成套设备通过四川省科技厅科技成果鉴定，总体技术处于国内领先水平。
002288.SZ,超华科技,725031.4486,288613.7566,241,71885933.74,超华玻纤布、超华电解铜箔、超华电子级玻璃纤纱、超华覆铜箔板、超华印制电路板、超华专用木浆纸,产业用纺织品、电子元器件、特种纸、铜,公司是从事高精度电子铜箔、各类覆铜板等电子基材和印制电路板研发、生产、销售的国家级高新技术企业。公司主要从事高精度电子铜箔、各类覆铜板等电子基材和印制电路板(PCB)的研发、生产和销售。公司近年坚持“纵向一体化”产业链发展战略，并持续向上游原材料产业拓展，目前已具备提供包括铜箔基板、铜箔、半固化片、单/双面覆铜板、单面印制电路板、双面多层印制电路板、覆铜板专用木浆纸、钻孔及压合加工在内的全产业链产品线的生产和服务能力，为客户提供“一站式”产品服务，是行业内少有的具有全产业链产品布局的企业。公司将以覆盖印制电路完整产业链条的资源配置能力，致力成为中国最具规模的电子基材新材料提供商，并打造面向全球的印制电路解决方案服务平台，汇“平台”资源，创“智造”生态。公司通过了ISO9001:2008、ISO/TS16949:2009、ISO14001:2004管理体系认证，产品通过UL、CQC认证。“M”牌覆铜板被评为“广东省名牌产品”，“M”商标被广东省工商局认定为“广东省著名商标”。
603959.SH,百利科技,716478.6354,118358.4131,239,29324997,工程咨询、设计、工程总承包,专业咨询服务,公司是一家致力于为能源及材料领域智慧工厂建设提供整体解决方案的技术服务提供商，主要服务于石油天然气、石油化工、现代煤化工和新能源材料行业，可从项目前期、项目定义、融资到设计、采购、施工、开车和运维服务为客户提供全生命周期的增值解决方案。公司一直致力于石油炼制、石油化工、现代煤化工和锂电池材料领域的技术创新和专业化发展，积累了丰富的工程经验，建立起一套先进的设计与工程管理手段、完善的QHSE及内部控制管理体系。百利科技目前拥有化工石化医药全行业、轻纺行业(化纤工程、化纤原料工程)、建筑行业(建筑工程)等多个行业的工程设计甲级、工程咨询甲级以及压力容器设计、压力管道设计等业务资质证书，并可在资质证书许可范围内提供工程总承包及项目管理等服务。公司始终践行“为客户创造价值”的理念，立足为客户提供“责任、专业与热情”的技术服务。
002611.SZ,东方精工,705823.2837,122378.0279,241,467333661.8,APSTAR HBL、APSTAR HG、APSTAR HS、TOPRA AD、TOPRA FD、TOPRA GD、TOPRA PD、VASBO华之宝、舷外机动力设备、新能源汽车动力电池系统、粘箱机、振动清废堆叠机,印刷机械、专用设备与零部件,公司是一家致力于数字化智能高端装备制造的高科技上市企业，公司的主营业务划分为“智能包装设备”和“高端核心零部件”两大板块。“智能包装设备”板块以“智能瓦楞纸箱包装自动化设备”的设计、研发、生产、销售与服务为主营业务，已经拥有东方精工佛山总部、意大利Fosber、美国Fosber、广东佛斯伯智能设备有限公司、意大利EDF公司等五个制造主体；并以参股、合资等投资方式，使公司同时具备了向客户提供智能物流仓储产品的配套能力，完成了对细分行业的全产业链布局。2017年，公司收购普莱德100%股份，普莱德专业从事新能源汽车动力电池系统PACK的设计、研发、生产、销售与服务，致力于为新能源汽车生产厂商提供动力电池整体解决方案。公司控股收购的苏州百胜动力机器股份有限公司是一家专业化生产舷外机、发电机、水泵和发动机的生产厂商，以技术含量高的舷外机为主要产品，是集研发、制造、销售和服务为一体的国家级高新技术企业。
002125.SZ,湘潭电化,700156.054,399314.6966,241,237759714.5,湘潭电化电解二氧化锰、湘潭电化金属锰、湘潭电化锂锰,重有色金属,公司是中国电解二氧化锰的摇篮，也是国内最大规模生产绿色高能环保电池所需材料――无汞碱锰电池专用电解二氧化锰的生产企业，公司经营范围是研究、开发、生产和销售电解二氧化锰、电解金属锰、电池材料和其他能源新材料。主导产品电解二氧化锰按产品种类划分，分为碳锌电池级、无汞碱锰电池级、一次锂锰电池级、锰酸锂电池材料级和磁性材料级电解二氧化锰。公司的产品远销美国、日本、欧盟等20多个国家和地区，是南孚、双鹿、美国永备、金霸王等世界名牌电池材料的指定供应商。公司先后荣获“全国精神文明创建先进单位”、“全国五一劳动奖状”、“全国模范职工之家”、“全国轻工系统先进集体”、“全国电池工业协会企业信用评价3A级信用企业”、“省文明标兵单位”等10多项国家、省级荣誉称号。
002733.SZ,雄韬股份,683830.8038,239671.73,241,-421652568.9,雄韬阀控式密封铅酸蓄电池、雄韬锂离子电池,电子设备及加工,公司是全球最大的蓄电池生产企业之一，是一个以中国深圳为管理中心，在中国大陆、欧洲、中国香港、越南、印度拥有制造基地或销售服务中心、分销网络遍布全球的企业集团。自成立以来，公司坚持走技术创新、管理创新之路，成长为中国蓄电池行业外向型企业的领导性力量。其中铅酸蓄电池业务连续多年位列中国密封铅酸蓄电池出口量第一。公司产品涵盖密封铅酸、锂离子电池两大品类，是中国产品品类最为齐全的电池品牌之一；密封铅酸蓄电池涵盖AGM、深循环、胶体、纯铅三大系列，锂离子电池涵盖钴酸锂、锰酸锂、磷酸铁锂；其中磷酸铁锂为国家火炬计划重点项目和深圳市科技资助项目。公司正在全球百余个国家和地区的通讯、电动交通工具、光伏、风能、电力、UPS、电子及数码设备等领域为客户提供完善的产品应用与技术服务；公司先后评获“国家高新技术企业”、“深圳市民营企业50强”、“中国优秀民营科技企业”、“深圳市高新技术企业”、“深圳市民营领军骨干企业”等殊荣。
002664.SZ,长鹰信质,681870.5344,128059.9284,241,204002194.5,电动车转子铁芯、电梯曳引机定子系列、启动马达机壳、汽车发电机定子铁芯、汽车发电机定子总成系列、汽车发电机风叶、微电机转子,发动机设备,公司是一家集各类电机零部件的自主创新、研发、生产制造和销售为一体的高新技术企业、浙江省绿色企业、中国汽车电子电器行业十强企业，生产的产品主要为国内外众多大型电机电器厂商提供专业配套服务，系全球最大的汽车发电机定子铁芯供应商。公司专注于电机及其核心零部件产品制造的工艺技术创新和新产品研发，主要产品在技术水平、产品质量等方面处于行业领先地位，在市场上具有极强的竞争优势，同时公司产品被评为浙江省名牌产品，公司商标被评为浙江省著名商标，公司多年来产品获得来自法雷奥(Valeo)、博世(Bosch)等优秀供应商荣誉称号。公司从传统的电机零部件制造商，近年来已逐步向科技型企业的转型，并取得丰硕成果。
300048.SZ,合康新能,677451.3123,154654.7909,241,50258960.69,矢量控制高压变频器、通用高压变频器、同步机高压变频器,变电设备,公司是一家专业从事工业自动化控制和新能源装备的高新技术企业，高压变频器国家标准的主要参与制定与支持单位之一。经过多年发展公司主营业务已经从工业自动化节能设备制造领域进行延伸，形成了主要的三大业务板块：节能设备高端制造业、节能环保项目建设及运营产业、新能源汽车总成配套及运营产业。公司主营业务包括高、中低压及防爆变频器在内的全系列变频器产品、伺服产品、新能源汽车及相关产品的研发、生产和销售，产品广泛应用于火力发电、冶金、采油采矿、化工、城市供水、水泥、造纸、制药等领域，可实现对各类高压电动机驱动的风机、水泵、空气压缩机等负载的调速、节能、软启动和智能控制，综合效益十分显著。公司生产的合康HIVERT变频器已有良好的运行业绩，在产品质量和服务方面深受用户好评，并在诸多应用领域处国内领先地位。
300693.SZ,盛弘股份,677411.3983,477700.9705,241,113449804.7,电池化成与检测设备、电动汽车充电桩、电能质量设备、新能源电能变换设备,专用设备与零部件,公司专注于电力电子技术，从事电力电子设备的研发、生产、销售和服务。公司运用电力电子变换和控制技术开发了不同的产品应用，目前主要产品包括电能质量设备、电动汽车充电桩、新能源电能变换设备、电池化成与检测设备等。公司所开发的各类产品的核心技术皆为电力电子变换和控制技术。公司电能质量设备广泛应用于石油矿采、轨道交通、IDC机房、通信、冶金、化工、汽车工业、公共设施、银行、医院、剧院、广电、主题公园、电力系统等三十多个行业。
002623.SZ,亚玛顿,666714.5905,167369.5263,232,53998951.97,TCO透明导电玻璃、镀膜钢化玻璃、镀膜加工钢化玻璃,半导体材料,公司是国内研发和生产应用纳米材料在大面积光伏玻璃上镀制减反射膜的企业，产品技术处于行业先进地位。公司自成立以来一直专注于对新材料和新技术的研发和创新，从最初国内首家研发和生产应用纳米材料在大面积光伏玻璃上镀制减反射膜到国内率先一家利用物理钢化技术规模化生产≤2.0mm超薄物理钢化玻璃、超薄双玻组件、投资建设光伏电站项目、以及依托现有技术优势在节能建材、电子消费类产品等领域的开发和拓展，实现了公司多元化的业务发展模式。公司组建江苏省科技创新团队，设立江苏省光电玻璃重点实验室、江苏省高透光率光伏玻璃工程技术研究中心、江苏省太阳能组件用功能性材料工程中心、江苏省企业技术中心、江苏省博士后创新基地等省级重点研发机构。
002055.SZ,得润电子,602411.6866,156250.9656,241,-592443627.7,得润电子彩电线束、得润电子电源线、得润电子家电连接器、得润电子空调线束、得润电子普通连接器、得润电子汽车后视镜、得润电子汽车线束、得润电子通讯类线束、得润电子通讯手机连接器、得润电子音频线,车身及外观设备、电子元器件,"公司是一家电子连接器一体化解决方案提供商,主要经营家电和消费类电子、汽车相关电子连接器和精密组件和车联网相关技术。公司拥有多家集团控股公司、中外合资公司、海外合资公司、海外贸易公司，海外销售和服务分支机构。其研发、制造和销售基地在国内分布于深圳、中国香港，中国台北等多个地方；在国外分布于美国、意大利和卢森堡等地。公司主要分为家电和消费类电子事业部，汽车电气系统事业部和新能源汽车电子及车联网事业部。公司长期与创维、美的、TCL等家电龙头存在稳定的战略性合作关系;已进入众多国内外整车厂及汽车零部件厂商的供应链，初步形成包括国际品牌客户(如大众、宝马、奔驰等)、自主品牌客户以及设备客户(即汽车零部件客户，包括博世、大陆等)在内的汽车电子客户平台;公司立足打造大数据平台生态圈，实现互联网化的战略发展。"
600268.SH,国电南自,598634.8631,250089.007,241,258273923,国电南自保护通道、国电南自泵站自动化系统、国电南自变电站自动化系统、国电南自变压器保护、国电南自测控装置、国电南自厂用电保护及自动装置、国电南自厂站监控系统、国电南自低压线路保护、国电南自电厂电气自动化系统、国电南自电动机保护、国电南自电抗器保护、国电南自电容器保护、国电南自发电机变压器保护、国电南自高中压线路保护、国电南自工业自动化保护、国电南自继电保护及自动装置、国电南自母线保护、国电南自配网保护、国电南自水电站自动化系统、国电南自铁路变电站自动化装置、国电南自自动装置及辅助保护,继电保护及调度自动化,公司是中国华电集团公司控股的高科技上市企业，主要从事高低压输配电线路保护、电力主设备保护、变电站综合自动化系统、电网调度自动化系统等的研发和生产，其产品广泛应用于电力、交通、水利、石化、煤炭、冶金、建筑等领域。目前公司已成为国内最大的电力系统静态保护、成套自动化设备、土工试验和大坝观测仪器以及电力测试仪表的国家大型骨干企业，公司产品跻身亚太地区的电力市场，先后在国际招标中赢得了巴基斯坦核电工程，尼泊尔首都城市电网项目等项目，并与俄罗斯和南非合作，成立销售点，建立生产基地。
603859.SH,能科科技,589443.1324,84525.54895,241,159440358.2,工业电气节能系统解决方案、能源管理系统平台解决方案、软件及实施服务、运维服务、咨询服务,专业咨询服务,公司成立于2006年12月，2016年10月在上交所上市，公司主要业务包括智能制造、智能电气两个板块。智能制造业务基于数字孪生理念，整合业内先进工业软件和数字化IOT设备，虚拟世界内定义生产力中台并为客户开发个性化的工业微应用，物理世界内建立数字化、智能化的生产线和测试台，满足制造业企业产品全生命周期的数据与业务协同需求，帮助企业实现其自主创新、运营成本、生产效率、不良品率和客户满意度等业务目标。公司经过多年的积累和耕耘，形成了自有的围绕企业数字化业务的咨询、规划和设计能力、围绕工业软件的产品实施和服务能力和围绕工艺的数字化产线建设能力，业务类型形成了咨询服务、企业管理系统解决方案、产品全生命周期管理、仿真与测试服务、工艺自动化、可视化生产运营管理系统以及测试台产品七个专业方向。同时，公司业务深度聚焦四大行业，即国防军工、高科技电子与5G、汽车及交通运输和装备制造，能够梳理出针对行业的可复制性解决措施，并形成行业标准解决方案。基于行业发展需求，公司未来将着力打造建设基于云原生的生产力中台、服务中小企业的工业创新服务云以及面向工业大数据应用的数据资产平台。
002533.SZ,金杯电工,554403.4281,156736.2254,241,331351465.4,额定电压110kV交联聚乙烯绝缘电力电缆、额定电压450/750V及以下橡皮绝缘电缆软线和电线、换位导线、交联聚乙烯绝缘电力电缆、交流额定电压1KV、10KV、35KV架空绝缘电缆、聚氯乙烯绝缘电线、聚氯乙烯绝缘聚氯乙烯护套电力电缆、聚氯乙烯绝缘聚氯乙烯护套控制电缆、铝绞线及钢芯铝绞线、漆包扁线、无氧铜杆、纸包线 组合导线,输电设备,公司专业从事电线电缆产品的研发、生产和销售，主导产品包括电磁线、电力电缆、裸导线、电气装备用电线、特种电线电缆等多个品种规格，产品种类齐全，已形成了电线电缆生产系列化、规模化、成套化的产品结构，是中部地区规模大、技术领先的电线电缆生产企业，广泛应用于国家电网、轨道交通、建筑、石化、煤矿、船舶、公路、机械、家电、冶金、通信等行业。公司已通过特高压电磁线产品鉴定，电磁线产品成功进入三代核电发电机组、军用电机等领域。特种电缆产品是湖南省轨道交通和磁悬浮项目用电缆的省内供货商，并供货广州地铁。公司通过了ISO9001、ISO14001和OHSAS18001认证，所生产的列入国家生产许可证目录的产品均已取得“全国工业产品生产许可证”，所生产的列入强制性产品认证目录的产品均已取得CCC认证证书，公司“金杯GOLDCUP及图”商标被认定为“中国驰名商标”；此外，公司十分注重提高计量保证能力，电线产品通过了“C”标志计量认证。
002045.SZ,国光电器,547002.4443,274410.5841,241,40136849.48,国光电子零配件、国光扬声器、国光音箱,电声器件、其他消费电子产品,公司是全球知名的电声制造厂商，成立至今一直从事电声、电子产品的设计、生产、销售，目前产品覆盖了电声配件、扬声器单元、音响系统、数字功放、聚合物锂电池等。公司具有从扬声器关键零部件，到扬声器单元、音箱系统及电子功放一体化的综合配套能力，多年的历史积淀凝聚了一批优秀的电声行业管理及研发人才，形成了自己独特、有效的科研攻关体系，建立了一支技术专业齐全、综合实力雄厚的研发队伍。在质量管理系统方面公司采用国际标准，通过了ISO/TS16949质量体系及ISO14001环境管理体系认证，公司检测中心还通过了CNAS的ISO/IEC17025认可，在生产中采用与国际同步的工艺、设备及控制流程，产品各项质量指标得到可靠保证，公司从设计到采购、进料检验、仓储物流、生产、成品检验、销售和售后服务形成了全过程质量控制系统。
300510.SZ,金冠股份,546376.0073,241896.8131,241,31614083.91,C-GIS智能环网柜、充电站系统运营、充电桩、固体绝缘环网柜、锂电池隔膜生产业务、锂电池隔膜销售业务、锂电池隔膜研发业务、真空断路器、智能电表、智能高压开关柜、智能用电信息采集系统,电气仪器仪表、输电设备、系统集成服务、专用设备与零部件,公司是聚焦“智能电网+新能源”领域的高新技术企业，覆盖智能电网设备、新能源汽车充电设施、锂电池隔膜等三大业务板块。在智能电网设备行业，公司是国内坚强智能电网、泛在电力物联网的主流供应商。核心产品包括智能电气成套开关设备及其配套元器件、智能电表、用电信息采集系统等，主要服务国家电网、南方电网、轨道交通、城市公共基础设施等领域的客户。新能源充电设施业务包括充电桩运营与充电桩设备制造销售业务。其中，充电桩运营业务方面，公司致力于成为全国领先的“新能源集中式快充网运营商”，重点面向公交、物流、工业园区、大型居民小区等提供大功率直流快速充电服务。锂电池隔膜业务板块，子公司辽源鸿图是国内主流的中高端锂电池隔膜供应商，已经研发出20余种规格产品，覆盖5微米厚度至20微米厚度的高低孔隙率的产品以及涂覆2-4微米的单双面涂覆产品，其中，单双面涂覆技术方面处于国内领先地位，产品广泛应用在3C消费类电池、动力电池等产品中。
600537.SH,亿晶光电,523079.6192,97853.19809,241,-602582107.6,125单晶组件、156单晶组件、156多晶组件,半导体太阳能光伏,公司是中国第一家在上海A股上市的纯太阳能电池组件生产企业，是一家专业从事光伏发电产品的研发、生产和销售的高新技术企业，集晶棒拉制、硅片切割、电池制备、组件封装和光伏发电系统为一体，具有年产单(多)晶太阳能电池组件5000MW的生产能力。亿晶光电先后建立了江苏省(亿晶)光伏工程研究院、江苏省太阳能用材料工程技术研究中心、组件实验室和电池实验室(其中组件实验室获得了VDE的TDAP认证)江苏省企业技术中心、国家博士后科研工作站。除此之外，亿晶光电与上海交通大学以及江苏大学共建了联合研发中心和产学研基地。随着大批专业人才的加入，亿晶光电实现了跨越式发展，并形成了较强的研发实力。公司先后被评为江苏省高新技术企业、国家火炬计划重点高新技术企业、江苏省百强民营科技企业、常州市五星级企业、科技部国际科技合作基地等。公司还被国家科学技术部命名为“国际科技合作基地”。2009年公司由原来福布斯“2008中国潜力企业榜”第13位跃居第2位，居全国入选的光伏企业首位。公司研发中心承担了多项国家级科技研发项目，拥有多项专利成果。通过不断的技术创新，亿晶光电电池组件产品的性能和质量不断提高，“EGingPV”已经成为国内外光伏行业的知名品牌。
600468.SH,百利电气,522183.9506,54608.81376,241,104714052.4,百利观光梯、百利双电源自动转换开关、百利塑壳式断路器、百利万能式断路器、百利无飞弧低压断路器、特精齿轮泵、特精齿轮马达、特精带换向阀齿轮泵、特精电动液压源、特精恒流泵、特精黄色氧化钨、特精静液压传动装置、特精蓝色氧化钨、特精钼粉、特精钼杆、特精钼丝、特精钼酸铵、特精气动振动器、特精气控分配阀、特精气控液压阀、特精气液压转换器、特精气液阻尼缸、特精气增压缸、特精三氧化钼、特精碳化钨粉、特精钨粉、特精钨杆、特精钨丝、特精钨酸钠、特精液压阀、特精仲钨酸铵,低压电器类、动力机械、风泵机械、轻型工程机械、重有色金属,公司是一家以输配电设备为主营产品的上市公司，是天津装备制造业主体天津百利机械装备集团有限公司旗下唯一控股上市企业。公司主营业务为输配电及控制设备、泵、钨钼制品。“百利、BENEFO、低字”牌塑料外壳式断路器、万能式断路器、“NTK”(图形)牌互感器等被授予“天津市名牌产品”。“百利”、“BENEFO”、“低”、“NTK”(图形)商标被认定为“天津市著名商标”。企业连续多年被评为中国电气工业100强企业，AAA级信用企业，中国电气工业最具影响力品牌，中国电气工业最具竞争力企业。
002364.SZ,中恒电气,510660.0071,114870.7394,241,89301472.08,ZHCIS型综合电源系统、ZHEPS系列智能型应急电源系统、ZHIV系列正弦波逆变电源、ZHPDS系列智能所用电系统、ZHR系列整流模块、壁挂电源系统、高压直流电源、户外电源系统、监控模块、配电屏、一体化电源系统、整流器系统产品、智能高频开关电力操作电源系统、中恒组合电源系统、主监控器,变电设备,公司是国内市场电力电子设备及电力软件与咨询服务的主流供应商。公司一直专注于主营业务，一方面持续为电网、发电(含新能源)与工业企业的“自动化、信息化、智能化”建设与运营提供整体性解决方案；另一方面专注为客户提供通信电源、高压直流电源(HVDC)、电力操作电源、新能源电动汽车充换电系统、智慧照明、储能等产品及电源一体化解决方案。公司始终以市场为导向，不断发掘客户的需求，坚持技术驱动，持续创新，以专业定制产品与服务，为客户创造新的价值，已成为行业的领军企业。产品畅销海外至亚洲、非洲、欧美、大洋洲等多个国家和地区；在国内各省市拥有多个销售中心，是目前国内市场电力电子设备及电力软件与咨询服务的主流供应商。国家电网、南方电网、中国移动、中国电信、中国铁塔、腾讯、阿里巴巴、百度、戴尔等都是公司长期合作的核心客户。
002334.SZ,英威腾,506761.578,198003.993,241,182307855.1,CHE系列开环型矢量变频器、CHF系列V/F控制变频器、CHV110系列矢量一体化节能柜、CHV130系列工程型变频器、CHV160系列多泵恒压供水专用变频器、CHV170系列张力控制型变频器、CHV180系列电梯专用变频器、CHV190系列起重机专用矢量变频器、CHV系列高性能矢量变频器、I/O扩展卡、INVT-690V/1140V中压矢量变频器、INVT-CHH系列高压变频器、INVT-DBU能耗式制动器、INVT-RBU回馈性制动单元、串行通讯接口卡、供水扩展卡、英威腾CHS100交流伺服系统、张力控制卡、注塑机控制卡,变电设备、集成电路,公司是国家火炬计划重点高新技术企业，依托于电力电子、自动控制、信息技术，业务覆盖工业自动化、新能源汽车、网络能源及轨道交通。全国共有多处研发中心，拥有各类专利多件，实验室拥有国内工控行业首家TUV SUD颁发的ACT资质，并通过UL目击实验室及CNAS国家实验室认证。深圳公明科技产业园和苏州工业产业园，能为客户提供先进的集成产品开发设计管理、全面的产品研发测试与自动化信息化的作业生产。分布在全球各地的分支机构和联保中心为用户提供解决方案、技术培训与服务支持的专业后勤保障，可以更加便捷快速地服务客户。公司秉承“众诚德厚、业精志远”的经营理念，立足于工业自动化和能源电力领域，以三大技术为基础，做大做强工业自动化、新能源汽车、网络能源、轨道交通等核心业务。
300745.SZ,欣锐科技,503274.1398,185707.3191,241,25468302.39,车载 DC/DC 变换器、车载充电机、车载电源集成产品,专用设备与零部件,公司是专注于新能源汽车车载电源的研发、生产、销售和技术服务的国家高新技术企业。目前公司主要为新能源汽车行业提供车载电源整体解决方案，产品包括车载DC/DC变换器、车载充电机及以车载DC/DC变换器、车载充电机为核心的车载电源集成产品等。公司车载电源产品可广泛应用于乘用车、客车、专用车等各类新能源汽车领域。公司具有较强的自主研发能力。公司自2006年初进入新能源汽车产业，专注新能源汽车高压“电控”解决方案(其主要技术集中在车载DC/DC变换器和车载充电机，统称为车载电源)，欣锐科技拥有车载电源原创性核心技术的全部自主知识产权，在车载电源和大功率充电领域积累了丰富的研发及产业经验，拥有业界领先的研发创新能力及工程制造能力，产品技术水平居行业前列。欣锐科技的车载电源配套了国内外众多主流车型，是车载电源细分领域的龙头企业，促进国内新能源汽车朝产业化方向发展。
300040.SZ,九洲集团,492720.1797,327524.4803,241,182259476.8,GCK系抽出式开关设备、GCS型抽出式开关设备、GGD交流低压配电柜、GHT型低压开关柜、HVC(MSC)型高压自动无功补偿装置、KYN28-12(GZS1)铠装中置式金属封闭开关设备、KYN28A-12(等同于GZS1)户内金属铠装抽出式开关柜、MNS型抽屉式开关设备、TCR+FC型SVC高压动态无功补偿装置、TSC型动态无功补偿装置、XGN2-12箱型固定式金属封闭开关柜、电缆桥架、电力系统专用UPS、电力用直流和交流一体化电源、高低压电器元件、高频开关电源、高压变频器(3000 -10000型)、高压电力滤波器(FC)装置、各类低压壳体、各类高压壳体、各类直流继电器、固体电蓄热解决方案、光储充系统解决方案、光伏发电用并网变流器、化学储能削峰填谷解决方案、环网柜、可控硅控制高压电机固态软起动器、框架、型材、冷热电三联供解决方案、离网型分布式发电解决方案、能效管理和能源设施管理解决方案、气体绝缘柜、全功率兆瓦级风力发电并网变流器、手车柜、双馈型兆瓦级风力发电变流器、微机控制可控硅逆变电源(100-500A/22O、380V)、预装式箱式变电站、智能电池巡检装置、智能放电装置、智能绝缘监察装置、智能配电网解决方案、智能微网解决方案,变电设备、继电保护及调度自动化、建筑钢结构、专业咨询服务,公司是中国知名的智能成套电气设备供应商和配用电能效管理解决方案提供商，是中国电力电子和电气成套行业的领军企业。公司的业务集中在电压等级0.4kV～72.5kV之间的配、用电一次和二次系统电气成套设备及解决方案。产品涵盖：高中低压成套开关电器、变压器、封闭母线、电缆桥架、控制元器件、智能仪表、智能化终端、电气传动、谐波治理、新能源发电装备、电能储能等产品和技术。公司更致力于帮助客户提高生产力和电能效率，为客户的流程工业过程自动化，电源及配用电自动化系统，新能源发电装备制造与微电网建设，电能质量管理与谐波治理，电气传动与节能，城市住宅、楼宇与基础设施提供电气设备整体解决方案和能效管理解决方案。公司是国家创新型试点企业、国家火炬计划项目重点高新技术企业、国家高技术产业化示范工程基地。公司领衔、参与了数十项国家或行业标准的制订和修订。公司还拥有国家认定的100MW发电厂和110KV以下变电站工程建设和安装总承包资质。公司先后获得了国家免检产品、国家守合同重信用、国家3A级信用企业、中国民营科技百强企业、优秀中国特色社会主义建设者、全国诚信守法企业称号。
002196.SZ,方正电机,479751.1792,209373.645,241,25177034.9,方正电机电脑自动剪线缝纫机、方正电机工业缝纫机电机、方正电机工业缝纫机电机配件、方正电机家用缝纫机电机、方正电机家用缝纫机电机配件、方正电机汽车马达、方正电机伺服电机,动力机械、纺织机械,公司是专业生产缝制设备动力源的外贸出口企业，主要产品为缝纫机马达，其中工业缝纫机马达和家用缝纫机马达等系列产品远销欧美、中东、东南亚等多个国家和地区，家用缝纫机马达产量及出口量均全国领先。为了更好地和客户沟通、交流，更快更准地掌握市场行情、充分利用互联网优势，公司投资建设售后服务信息管理系统和发货查询系统，重点开发电子采购系统。公司获得浙江省“五个一批”重点骨干企业、浙江省名牌产品企业、浙江省著名商标企业、浙江省“五个一批”重点骨干企业等荣誉称号。
002441.SZ,众业达,472017.6307,76357.6086,241,415584368.9,ABB低压产品分销、常熟开关产品分销、其他低压产品及设备分销、上海人民电器低压产品分销、施耐德低压产品分销、西门子低压产品分销,低压电器类,公司是工业电气产品的专业分销商，主营业务为通过自有的销售网络分销签约供应商的工业电气元器件产品，以及进行系统集成产品和成套制造产品的生产和销售。公司自成立以来，一直从事工业电气产品的分销业务和系统集成、成套制造业务。公司定位为行业领先的“工业电气服务商”，致力于为电力、石化、工业、交通、能源和各类基础设施等终端用户提供工业电气产品，涵盖了从制造商到用户的工业电气产品供应链的主要环节。公司已成为ABB、施耐德、西门子等跨国公司，以及常熟开关、上海人民电器厂等国内电气行业知名企业的战略合作伙伴，在中、低压输配电产品和工业自动化控制产品的分销领域，多年来一直位居行业前列。
002519.SZ,银河电子,467524.9105,56808.0702,241,14353506.01,ATM柜员机机体、地面数字电视接收机、电动汽车智能充电机系列、电动涡旋压缩机总成、电脑机箱、高清数字电视接收机、交互数字电视接收机、精密钣金、军工特种装备、平板电视机支架、网络机柜类产品机体、卫星数字电视接收机、有线数字电视接收机、自助类产品机体,电脑配件、发电机及附属设备、其他消费电子产品、输电设备、五金加工机械、专用设备与零部件,公司是国内最早从事数字电视终端研发、生产、销售的国家重点企业之一，旗下业务涵盖新能源电动汽车关键零部件、国防军工特种装备以及数字电视智能终端设备等多个领域，市场覆盖全球多个国家和地区。公司在张家港、合肥、福州、洛阳等地拥有多个产业基地，成功打造了围绕新能源汽车关键零部件、军工装备和数字电视智能终端等业务为主的多个高端装备制造产业园集群近几年，公司积极对各产业基地进行智能化改造，提升现代化制造能力，整体智能制造水平在国内居于领先地位，先后通过ISO9001/TS16949质量管理体系、ISO14001环境管理体系、OHSAS18000职业健康安全管理体系等多项认证，具有系统完善的生产管理流程和优良的品质保障。
000973.SZ,佛塑科技,458699.0802,97283.08273,241,121920883.3,汾江双向拉伸聚炳烯薄膜、汾江双向拉伸尼龙薄膜、佛塑股份PVC人造革、佛塑股份PVC装饰片材、佛塑股份彩色电化铝膜、佛塑股份辐照高分子材料、佛塑股份聚偏二氯乙烯涂布薄膜（PVDC）、佛塑股份聚酯流延硬片、佛塑股份塑料复合编织布、佛塑股份通用型CPP薄膜、佛塑股份真空镀铝薄膜,高分子聚合物,公司是中国塑料新材料行业的龙头企业、国家火炬计划重点高新技术企业、广东省战略新兴产业骨干企业。公司专注于面向新能源、新能源汽车、高端电子信息和节能环保等战略性新兴产业的高分子功能薄膜等新型材料的研发与生产，现已逐步形成以渗析材料、光电材料和阻隔材料为框架的产业布局，确定了“专注于新能源、新材料和节能环保产业的研发与生产，定位于产业高端化、经营国际化、依托技术创新和精细化管理，建设优秀企业文化和团队，打造卓越运营能力，成为新能源、新材料和节能环保产业的领跑者”的发展战略。公司拥有“汾江牌”、“鸿基牌”、“双象牌”、“双龙牌”、“HG牌”等多个广东省名牌产品、著名商标，体现了多年来专注积累的良好商誉，被评为“国家知识产权运用标杆企业”和“广东省知识产权优势企业”。
600686.SH,金龙汽车,454655.6672,55423.95954,241,-595219624.3,厦门金龙客车,客车,公司创立于1988年，以大、中、轻型客车的制造与销售为主导产业，系目前全球领先的客车制造集团。公司在中国厦门、苏州、绍兴、西安、上海等地布局有厦门金龙联合汽车工业有限公司――金龙客车、厦门金龙旅行车有限公司――金旅客车、金龙联合汽车工业(苏州)有限公司――海格客车、厦门金龙礼宾车有限公司――金龙礼宾车、金龙汽车(西安)有限公司等客车整车制造企业以及金龙汽车车身、车架、空调、座椅、电器、互联网、充电站(桩)等汽车零部件生产企业，形成集整车与零部件制造为一体的客车产业集群。公司整车产品涵盖4.3米至18米各型客车，销往全球五大洲140多个国家和地区，广泛应用于客运、旅游、公交、团体和特种车等市场，并获得客户的一致认可。
300173.SZ,福能东方,454618.3851,144849.7738,241,-323231592.6,机器人自动化生产线、智能专用设备、专用自动化设备,专用设备与零部件,公司是一家集研发、制造、销售和服务于一体的新材料装备生产企业，经过多年的技术创新和经验积累，为各行业的定制化要求提供多样化的设备；产品应用领域涉及多个行业：新能源材料行业、光电材料行业、功能纸材料行业、功能性包装材料行业，工厂生产信息化管理行业等。该公司的主要业务为全资子公司大宇精雕关于“3C自动化设备及机器人自动化生产线”的业务。目前大宇精雕已发展成为工业自动化领域内集研发创新、生产销售于一体的方案供应商。
002632.SZ,道明光学,440645.5871,59209.40572,241,54943444.5,反光布、反光膜、反光制品,高分子聚合物,公司是专业从事研发、生产和销售各种反光材料及反光制品的高新技术企业，亚洲最大的反光材料生产基地。主要产品包括各规格、各等级的反光膜、反光布及以反光膜和反光布为原材料制造的反光制品。公司拥有的“DM”商标已被国家工商管理总局商标局认定为中国驰名商标。公司拥有十多项自主知识产权，并有多项高新技术及产品填补了国内空白，“海事反光膜”产品被列为国家火炬计划项目。公司产品获得欧洲EN471、EN533、EN12899、美国ANSI/107、瑞士环保、澳标等多种证书；通过国家交通部、交通工程监理检测中心、公安部交通安全产品质量监督检测中心等检测。公司享有自营进出口权，系列反光产品远销世界各地多个国家及地区。
300100.SZ,双林股份,393731.7867,121916.3362,241,128869736.9,冲压级进模具、大型汽车注塑模具、电位器、精密汽车注塑模具、空调结构件、空调壳体、控制盒、门板、前后保险杠、驱动器、释放器、仪表盘、座椅侧板,车身及外观设备、传动设备、专用设备与零部件,"公司是一家专业从事汽车零部件及配件、模具设计、开发及制造的现代化企业,具有一流的汽车零部件及模具的生产制造能力和完善的营销网络。公司为世界上为数不多的开发汽车座椅驱动器(HDM)、位置记忆电位器产品的企业之一，是国内少数具有此类产品自主开发能力的企业，在业内具有较高的知名度。公司现拥有多项专利和专有技术，优质的产品和良好的信誉赢得了客户的一致好评，产品远销欧美、日韩等国家和地区。公司通过重大资产收购双林投资100%股权，进一步丰富了上市公司汽车零部件产品线，形成新的利润增长点。"
300403.SZ,汉宇集团,384961.7054,73716.12607,241,229792423.6,地尔汉宇冷凝泵、地尔汉宇通用排水泵、地尔汉宇专用排水泵,风泵机械,公司是专用排水泵供应商。主营业务为高效节能家用电器排水泵的研发、生产和销售。公司产品包括家用电器排水泵和少量气泡泵、进水阀、水洗机、迷你洗衣机等相关产品。产品获得了包括三星、LG、海尔、美的，东芝、夏普、伊莱克斯等国内外著名的家电制造企业的认可。公司铝漆包线代替铜漆包线技术及线圈塑封技术、叶轮启动机构技术和水冷技术创新均已获得专利。公司被认定为高新技术企业和广东省省级企业技术中心，高效全塑封铝漆包线永磁电机式排水泵产品被认定为广东省高新技术产品。
688529.SH,豪森股份,362839.6349,54048.14353,241,70166835.44,白车身焊装智能生产线、变速箱智能装配线、动力锂电池智能生产线、发动机智能装配线、氢燃料电池智能生产线、新能源汽车驱动电机智能生产线,专用设备与零部件,公司立足于国内领先的智能化装配技术和工艺，可为全球客户提供领先、可靠的智能化装备、装配技术及成套定制化产品的综合解决方案，满足全球制造业精益、高效和柔性作业需求，公司不断为客户提供高品质的自动化、柔性化、信息化和智能化的产品及服务。凭借多年积累的技术优势和品牌优势，公司获得了国内外一流客户的认可，公司的主要客户包括上汽通用、特斯拉、采埃孚、北京奔驰、长安福特、华晨宝马、标致雪铁龙、康明斯、格特拉克、卡特彼勒、上汽集团、一汽大众和盛瑞传动等国内外知名品牌企业。公司深耕于汽车智能生产线领域，在汽车发动机智能装配线和变速箱智能装配线等动力总成领域居于国内领先地位，并在服务传统燃油汽车的基础上逐步开拓在新能源汽车领域的市场，在混合动力变速箱智能装配线、动力锂电池智能生产线、氢燃料电池智能生产线以及新能源汽车驱动电机智能生产线等细分领域取得重大突破。公司在智能生产线领域的技术积累和沉淀结合下游客户的具体工艺需求，可以大大扩展公司产品应用领域和范围，可以广泛用于航空航天、OLED显示材料、3C电子、光伏、食品医疗等产业。
600405.SH,动力源,361661.448,261898.1777,241,-142384471.4,动力源UPS电源、动力源高压变频器、动力源逆变电源、动力源逆变焊机、动力源嵌入式电源、动力源通信电源、动力源应急电源、合同能源管理服务、新能源汽车配套产品业务,变电设备、低压电器类、电子元器件、专业咨询服务,公司致力于电力电子技术领域相关产品的研发、制造、销售以及相关技术服务并为客户提供系统集成解决方案。公司业务核心为使用电子元器件与软件控制技术对电能进行变换和控制，目前主要产品按技术方向分为直流电源、交流电源、高压变频器及综合节能服务、新能源汽车配套产品业务等。公司产品坚持以自主研发、制造为主，在产品销售方面以直接销售方式为主，部分产品采用直销+代理商销售；在综合节能服务领域以EPC模式开展合同能源管理业务；公司也在积极探索不同的销售业务模式以满足市场差异化需求，大力推进代理分销渠道建设、大客户营销及专网市场推广力度，培育基站(机房)动力环境系统集成能力以推动公司业务增长。
300499.SZ,高澜股份,357212.2725,238430.3134,241,64548093.97,备品备件及技改维护服务、纯水冷却设备,专用设备与零部件,公司是目前国内领先的电力电子装置用纯水冷却设备专业供应商，致力于为全球客户提供专业的节能产品和整体解决方案，成为新能源和节能技术应用的先行者。公司目前开发和销售的主要产品包括直流输电换流阀纯水冷却设备、新能源发电变流器纯水冷却设备、柔性交流输配电晶闸管阀纯水冷却设备、大功率电气传动变频器纯水冷却设备以及各类水冷设备的控制系统。公司是国家火炬计划重点高新技术企业。产品技术达到国内先进水平，其中±800kV直流输电工程换流阀纯水冷却设备产品被国家能源局认定为国际先进水平。公司在电力电子装置用纯水冷却设备领域已形成了集研究开发、设计、制造、营销、售后服务的完整业务体系，公司综合竞争力在业内处于领先地位。公司目前已通过了ISO9001:2008、ISO14001：2004、OHSAS18001：2007、机械制造企业安全标准化企业(二级)资质认证，被授予广州市创新型企业、广州开发区知识产权示范企业、A级纳税人、软件企业、银行AAA级信用企业等荣誉称号。
300062.SZ,中能电气,346752.5396,196124.1052,241,22630133.66,变压器、电缆附件、高/低压电缆分支箱、互感器、绝缘子、户内高/低压开关设备、户内外合成聚酯箱体、户外(内)高压电能计量柜、户外高/低压开关设备、美式箱变专用配件、指示器,变电设备,公司自成立以来一直专注于输配电产品领域，主要从事35kV及以下电压等级电力电缆配电系统相关产品的技术开发、生产制造和销售，为国家电网、行业用户提供输配电一次设备及系统解决方案。随着近年国家新能源政策的落实，公司基于电力设备的技术积累及创新延伸，以输配电设备制造业务为基础，积极开展光伏发电项目、电动汽车充电设施生产及充电站投资运营等新业务，为智能电网、新能源、节能减排等领域提供产品研发、生产、销售、服务及整体系统解决方案。公司先后研发出具有世界先进水平电力及新能源产品，并掌握产品的自主知识产权和关键生产制造技术；部分产品通过了欧洲著名电力实验室荷兰KEMA的型式试验以及北美著名电力实验室LAPEM的认证，不仅在国内各地区大量长期安全运行，还出口到美国、墨西哥、澳大利亚、日本、韩国、英国、沙特、印度、巴西等几十多个国家和地区。同时，公司在技术开发、产品研制、经营管理和产品质量控制等方面精益求精，以ISO9001质量管理、ISO14001环境管理和OHSAS18000职业健康安全管理三合一管理体系为基础，建立了完善的全面质量、环境和职业健康安全管理体制并获得福州市政府质量奖。
300141.SZ,和顺电气,309184.037,174190.586,241,8996966.18,DJ201系列动力普通节电装置、DJ301系列电动机节电装置、DJ401系列动力专用节电系列、FC系列高压滤波装置、FLUOKIT M24+高压可扩展式开关柜、FQXS-10非金属单相单表位电能计量装置、FQXS-1-2非金属单相单表位电能计量装置、HSL-Ⅰ型防窃电计量装置、HSL-Ⅱ型防窃电计量装置、HTSC型高压动态无功补偿装置、KYN28A-12(24)型户内金属铠装抽出式开关设备、TSC系列低压动态无功补偿装置、ZBW系列户外箱式变电站、ZJ101系列智能照明节电装置、ZJ201系列普通照明节电装置、单相单表位电能计量装置FQXS-1、单相单表位预付费电能计量装置FQXS-3、低压无源滤波装置(PF)、工程非金属集中电能计量装置、混合型滤波装置(HAPF)、静态无功补偿SVC成套设备、三相单表位电能计量装置FQXS-2、三相单表位预付费电能计量装置FQXS-4、施耐德Mevolis中置柜、施耐德SC6-24环网柜、西门子SIKUS低压开关柜、有源电力滤波器(APF),变电设备、电气仪器仪表、继电保护及调度自动化,公司是国内同行业中一家产品面覆盖了从高压到低压、从谐波治理到无功补偿并且全部实现动态治理和补偿的企业，是国家高新技术企业。公司主要致力于高低压电器成套设备、电工器材、电力滤波装置、无功补偿装置、电力储存装置以及其它电力电子类环保节电装置的研发和制造。目前公司主营业务为电力成套设备、新能源汽车充电桩、电力电子设备、智能配电、光伏应用及为用户提供综合性电力应用解决方案等。公司研发的ZJ系列和DJ系列节电装置，消除了常规节电产品在电路切换时产生的闪烁和熄火现象，填补了国内空白。公司始终秉持“创新是灵魂、质量是保障”的价值观，通过相关质量管理认证，建立了完善的质量管理体系，制订了符合企业现状和发展需求的质量方针和质量目标，严格执行产品质量国家相关标准。
300713.SZ,英可瑞,283953.5769,104269.6276,241,8934834.62,电力操作电源监控、电力操作电源模块、电力操作电源系统、其他电源及产品、汽车充电电源模块、汽车充电电源系统,电动车、输电设备、系统集成服务,公司主要从事智能高频开关电源及相关电力电子产品的研发、生产和销售。公司定位于智能高频开关电源核心部件供应商，目前产品主要包括电动汽车充电电源模块及系统、电力操作电源模块及系统以及其他电源产品。产品主要应用在新能源汽车充电设施、电力系统、通信系统、轨道交通等领域。
300491.SZ,通合科技,281734.9503,128948.9059,241,32514539.99,电动汽车车载电源及充换电站充电电源系统、电力操作电源、电源模块、军工电源、其他电源,电子元器件,公司主要从事电力电子行业产品的研发、生产、销售和服务。2019年2月，公司通过发行股份购买资产的方式收购了军工电源制造商西安霍威电源有限公司，形成了智能电网、新能源汽车及军工装备三大业务领域的产业格局。在智能电网领域，主要产品包括电力操作电源和配网自动化电源。在新能源汽车领域，主要产品包括充换电站充电电源系统(充电桩)及其核心的充电模块、车载电源等产品。在军工装备领域，主要产品包括电源模块、电源组件及定制电源，同时开展军工装备检测服务，为军工客户提供更为丰富的产品、服务以及整体解决方案。
002660.SZ,茂硕电源,208808.9166,58673.37985,241,66527720.9,LED工矿、厂房照明驱动电源、LED户外照明驱动电源、LED景观照明驱动电源、LED室内商业照明驱动电源、插墙式适配器电源、大功率变压器/电感、可换式适配器电源、客户定制内置电源板、滤波器、七星系列驱动电源、三相电抗器、医疗类开关电源、桌面式适配器电源,变电设备,公司是集产品研发、制造、销售及服务于一体，已在美国、日本、韩国、新加坡、欧洲、中国香港、中国台湾等国家或地区设有分公司或办事处，能够为国内外客户提供迅捷的专业服务。优秀的人才，先进的技术，科学的管理，以及务实、进取的创业精神使得茂硕电源能够持续处于行业领先地位，是茂硕电源真正的核心竞争力。自成立以来，以立足发展主业、持续稳健经营为前提，全面拓展新能源、互联网领域。公司着眼于以下几个方面进行发展：开关电源、LED智能驱动、FPC、光伏逆变器、智能充电桩、新能源光伏电站投资、新能源汽车充电运营、投资并购。通过外延式发展方式积极培育新的利润增长点，成立以互联网+为基础的孵化基地，兴建投资超过3000万元的国家级第三方检测中心，通过技术与互联网应用相结合，将为用户提供高效、智能、安全的产品和系统解决方案。
